"Source","Destination","SHA256","Status"
"C:\Threshold\website\contact.html","C:\Threshold\html-inventory\website\contact.html","47CF28181E8B0078E79D2F94DE0D9DA43781E91272BB9A3D130EAB0D6BB6ED9B","COPIED"
"C:\Threshold\website\dialogues.html","C:\Threshold\html-inventory\website\dialogues.html","99B42BF23E78E85ABBD2951D215375397065C7DF36A94FFB458ED32CC47BA84D","COPIED"
"C:\Threshold\website\discover.html","C:\Threshold\html-inventory\website\discover.html","25F11ECA1383A686B80F901F455211D13E3AF1EE98E15B2B96E4A72FF2CC56BA","COPIED"
"C:\Threshold\website\ethos.html","C:\Threshold\html-inventory\website\ethos.html","A83B945F15395C654982AE101A50AD51FF7DCA19D7207BB8945E15B359F3F655","COPIED"
"C:\Threshold\website\garden.html","C:\Threshold\html-inventory\website\garden.html","484D6D00D9B44D5D13B93B43B3A02491ECB667881F4A7385398E8F40A47522E7","COPIED"
"C:\Threshold\website\glyphs.html","C:\Threshold\html-inventory\website\glyphs.html","1CC817C6A5735DBE48143236B3DCC51B8E5C7836CEE9F656343F5B004D032D18","COPIED"
"C:\Threshold\website\housegarden.html","C:\Threshold\html-inventory\website\housegarden.html","89835A09895AC8F94EBAE010FEACD2AA4E4A2416558D98B977416D647FD62F1B","COPIED"
"C:\Threshold\website\hub.html","C:\Threshold\html-inventory\website\hub.html","4846BD068176A7A47E32CF5626CC9F7DEECC60314236E5A2A5D64B7A18D535CA","COPIED"
"C:\Threshold\website\index.html","C:\Threshold\html-inventory\website\index.html","C624F2A4AA4673C7E035176D30AEA6858CC79264F0BDC62D8D58D1B217699E88","COPIED"
"C:\Threshold\website\invitation.html","C:\Threshold\html-inventory\website\invitation.html","AF1AC4A0276056008A33F705D4F99114C0576C85140B206C2A8EAFF26BDD4B7F","COPIED"
"C:\Threshold\website\learningwheel.html","C:\Threshold\html-inventory\website\learningwheel.html","B42A7DD8CB5030C9745CB421BD5F1605FA9FCA9C4FCFF0C8E501BA9A10AAB2AB","COPIED"
"C:\Threshold\website\mythology.html","C:\Threshold\html-inventory\website\mythology.html","FAFB8BFAEC59B281D0849C94DBAE41651EF108E03393B534D96E1B7F7ACAF7AD","COPIED"
"C:\Threshold\website\spoke.html","C:\Threshold\html-inventory\website\spoke.html","EBB439DD21E829DCE3734753ADF3E2579620E4B8AAC41397B1963DAE47A9FADC","COPIED"
"C:\Threshold\website\deep-system\engine.html","C:\Threshold\html-inventory\website\deep-system\engine.html","6250617DB47F5B7C05E33F53BD79275BDE1527553C3F6ADDF5BF7DAEB6714A48","COPIED"
"C:\Threshold\website\environment\basin.html","C:\Threshold\html-inventory\website\environment\basin.html","5F5C9DE0ABAB4909AA130FF723D1B4E92A47E0FABBFA71AC14EC8B54D79A3346","COPIED"
"C:\Threshold\website\environment\herbroom.html","C:\Threshold\html-inventory\website\environment\herbroom.html","C87237BC57A1B495B5ED8E55D0D02EE0C1E019605EEF03BD638E20B6B7A65547","COPIED"
"C:\Threshold\website\environment\waterfall.html","C:\Threshold\html-inventory\website\environment\waterfall.html","6C9E168B4D6F549055C5938CE43C8EC6E6C3FD3D90A15A1E8B0BEC41886DCFEA","COPIED"
"C:\Threshold\threshold\publish\core\contact.html","C:\Threshold\html-inventory\threshold-publish-core\contact.html","1ED3A50EBCA2BC87A93F60AA604B1A4D8C7108BDA1972B6F4C1688F53110C09E","COPIED"
"C:\Threshold\threshold\publish\core\dialogues.html","C:\Threshold\html-inventory\threshold-publish-core\dialogues.html","ED54B6545CD4ED044583BEDFF795054209B34526D6D2087222D00E3D6607F097","COPIED"
"C:\Threshold\threshold\publish\core\discover.html","C:\Threshold\html-inventory\threshold-publish-core\discover.html","6C66CA410F6AE8BE7C1733EA90EB70DFBFB6326B2DFD8E73C9C8DE91D43CAB36","COPIED"
"C:\Threshold\threshold\publish\core\engine.html","C:\Threshold\html-inventory\threshold-publish-core\engine.html","13C55D4E4D31F3EDEF3191D7085493E23A036CA5A1FB3D9FE30CF56C428F7BC3","COPIED"
"C:\Threshold\threshold\publish\core\ethos.html","C:\Threshold\html-inventory\threshold-publish-core\ethos.html","9339AAF1E971F5D27E1EA079A16B8B3D8A45DE45CBA284675C493BE6C9EC3DAF","COPIED"
"C:\Threshold\threshold\publish\core\glyphs.html","C:\Threshold\html-inventory\threshold-publish-core\glyphs.html","C06BCD2858DE48AB7526C13A53FB296D3626E4A4BE7D5AFE39253033A3B1233C","COPIED"
"C:\Threshold\threshold\publish\core\housegarden.html","C:\Threshold\html-inventory\threshold-publish-core\housegarden.html","2E0494C20C7E0DF64DE47F5677B49745835158201C9CCB4E82A64870A6AB43C2","COPIED"
"C:\Threshold\threshold\publish\core\index.html","C:\Threshold\html-inventory\threshold-publish-core\index.html","59FB2C097E50A1D24BC37A156FBAEC067E0817F1A7F294C5A6C4A171587C86B6","COPIED"
"C:\Threshold\threshold\publish\core\invitation.html","C:\Threshold\html-inventory\threshold-publish-core\invitation.html","99DDCCA9C0604AC56608C7948E08E77802A650478D6A2343ACADC3CA04F4932A","COPIED"
"C:\Threshold\threshold\publish\core\learningwheel.html","C:\Threshold\html-inventory\threshold-publish-core\learningwheel.html","FD3F592A9A10C1D3614BCA5F6BF4A19508617BC82508B3F6876263BC4E0811C9","COPIED"
"C:\Threshold\threshold\publish\core\mythology.html","C:\Threshold\html-inventory\threshold-publish-core\mythology.html","B647313AD0134F5611E1A07279EA284A177E28F9ADC2F83B9BFE5B7077B9E2FB","COPIED"
"C:\Threshold\threshold\publish\branches\mythology\index.html","C:\Threshold\html-inventory\threshold-publish-branches-mythology\index.html","EB4221623868157716237CA5DB039BA403786BFA3F055E86EEA521EFE422CB71","COPIED"
"C:\Threshold-Frontend\website\architecture.html","C:\Threshold\html-inventory\frontend\website\architecture.html","5BD584C878ADAEF4A012CE47A3C85A5DE3F66C770A45BC290D0EF21609428FA5","COPIED"
"C:\Threshold-Frontend\website\chamber-palette-map.html","C:\Threshold\html-inventory\frontend\website\chamber-palette-map.html","CB8F46A591FA5B8F146CC2ADB882DAC5C7B1A6FA930E7395FAE41CCF043B1BBC","COPIED"
"C:\Threshold-Frontend\website\contact.html","C:\Threshold\html-inventory\frontend\website\contact.html","BDC4706BD210E5899DA649A72B23194C8CBA31EED5F97001E749581E97DF5D02","COPIED"
"C:\Threshold-Frontend\website\dialogues.html","C:\Threshold\html-inventory\frontend\website\dialogues.html","030201732298F9EC09692B27360C56B5F66D32E7C814AD23ECF45D9542934649","COPIED"
"C:\Threshold-Frontend\website\discover.html","C:\Threshold\html-inventory\frontend\website\discover.html","EC0B99CB9B8168DD9E58019A6CC2D9C153D2E2A0D2FA3468B3DF61BD5A94B556","COPIED"
"C:\Threshold-Frontend\website\engine.html","C:\Threshold\html-inventory\frontend\website\engine.html","82181A10627B95FFF6BAC2999D7DF0E30E859638B037306DA09DEDA4D122E900","COPIED"
"C:\Threshold-Frontend\website\ethos.html","C:\Threshold\html-inventory\frontend\website\ethos.html","C9DB3554D9EEB573C807860CC48EA428AA82DC6E443775A5A1C32F6299528FD7","COPIED"
"C:\Threshold-Frontend\website\garden.html","C:\Threshold\html-inventory\frontend\website\garden.html","7C953CA75A0E45DF2AE2F3B57CEFA73B8EA28DE1A84AF14B63DA479F79BF3656","COPIED"
"C:\Threshold-Frontend\website\glyphs.html","C:\Threshold\html-inventory\frontend\website\glyphs.html","BE2266DCC06D186B61CCE8F2DB619992EDB6CF77E02285553729486236007881","COPIED"
"C:\Threshold-Frontend\website\housegarden.html","C:\Threshold\html-inventory\frontend\website\housegarden.html","A5F18F18C7AB41469247D317600129D57E2FFF8E95249BF51454A3EC96265F5B","COPIED"
"C:\Threshold-Frontend\website\hub.html","C:\Threshold\html-inventory\frontend\website\hub.html","35F3172A6AC47D5C20197194C0864F285A2E06BBCE1AF04A7D365B2F8F971E2C","COPIED"
"C:\Threshold-Frontend\website\index.html","C:\Threshold\html-inventory\frontend\website\index.html","96F65C42FDA14A47F69948582CA6571F391FF664A99C7ADB6F5DCCEB644A38D0","COPIED"
"C:\Threshold-Frontend\website\invitation.html","C:\Threshold\html-inventory\frontend\website\invitation.html","E92BC7255B4425DEACD98BF53B61654F8550652D12885F07A1B7F66197F1C8D2","COPIED"
"C:\Threshold-Frontend\website\learningwheel.html","C:\Threshold\html-inventory\frontend\website\learningwheel.html","F9272B38F7CAE896248FF46B31C999E1895E78397A9EC0042DF9523E78EC4B41","COPIED"
"C:\Threshold-Frontend\website\ledger.html","C:\Threshold\html-inventory\frontend\website\ledger.html","CA8DC3713169F4DA6DC724B36DD14886960579851D702AB490A6058A13F67361","COPIED"
"C:\Threshold-Frontend\website\mythology.html","C:\Threshold\html-inventory\frontend\website\mythology.html","E6178B5EFA0576EF141B2C3456D16163720AE99CF92B2A18ABA0517D4BB39287","COPIED"
"C:\Threshold-Frontend\website\porpoise.html","C:\Threshold\html-inventory\frontend\website\porpoise.html","C85FB87EE87A4785EABDE4EAB5461C1198EA1997D42F27CB56355CCBBEF024DA","COPIED"
"C:\Threshold-Frontend\website\spoke.html","C:\Threshold\html-inventory\frontend\website\spoke.html","1126F515420D2A706BE5569D537AA42970EFACC55ECDED2CFF08652F7083070F","COPIED"
"C:\Threshold-Frontend\website\website constructs\hub.html","C:\Threshold\html-inventory\frontend\website\website constructs\hub.html","AE21DE1F9F4AF3700109A57688CFCFC1513D905638CCED91ADAC1A3551085BEB","COPIED"
"C:\Threshold-Frontend\website\website constructs\hub2.html","C:\Threshold\html-inventory\frontend\website\website constructs\hub2.html","15A6028806FE711FCD3AE157303D942BD62908A1C333873FDA5F741D86AC3463","COPIED"
"C:\Threshold-Frontend\website\website constructs\index.html","C:\Threshold\html-inventory\frontend\website\website constructs\index.html","F1E66B72AED1D8AC25535118CD5EC3A2DB018AB2D2BD357175A9ED68C07CDE7A","COPIED"
"C:\Threshold-Frontend\website\website constructs\index2.html","C:\Threshold\html-inventory\frontend\website\website constructs\index2.html","E2C4E0C88881D98A951B52F58887B06EC7C3DBCBEEC48F5AD482A72D3FBBE106","COPIED"
"C:\Threshold-Frontend\website\website constructs\learningwheel.html","C:\Threshold\html-inventory\frontend\website\website constructs\learningwheel.html","F9272B38F7CAE896248FF46B31C999E1895E78397A9EC0042DF9523E78EC4B41","COPIED"
"C:\Threshold-Frontend\website\website constructs\ledger.html","C:\Threshold\html-inventory\frontend\website\website constructs\ledger.html","CA8DC3713169F4DA6DC724B36DD14886960579851D702AB490A6058A13F67361","COPIED"
"C:\Threshold-Frontend\website\website constructs\resonancehub.html","C:\Threshold\html-inventory\frontend\website\website constructs\resonancehub.html","DFA3989DEFA93775ADB88357B1A155C4CD3898F866AAA57FBCCD4975DE7D7FA8","COPIED"
"C:\Threshold-Frontend\website\website constructs\submit.html","C:\Threshold\html-inventory\frontend\website\website constructs\submit.html","85220836397A18CBFF62AD6EB640C768E8EB22E0CEF2619B90AB52309518E4B4","COPIED"
"C:\Threshold-Frontend\website\website constructs\testing.html","C:\Threshold\html-inventory\frontend\website\website constructs\testing.html","631048CFFF254D7DD1DD000E350DCE63ABBA46D0DCC736ED2639BC9696C7CE14","COPIED"
"C:\Threshold-Frontend\website\website constructs\thankyou.html","C:\Threshold\html-inventory\frontend\website\website constructs\thankyou.html","03664F337A587CAA626836A099B1AB3A074DFA0EFA4B6BA979CFBB4119802058","COPIED"
"C:\Threshold-Frontend\website\website constructs\thresholddialogues.html","C:\Threshold\html-inventory\frontend\website\website constructs\thresholddialogues.html","4E07DD5C14FF0B26C713BC56B2092495910DCFE965F1A30A10B9C083E9DA4E81","COPIED"
"C:\Threshold-Frontend\website\website constructs\thresholdmythology.html","C:\Threshold\html-inventory\frontend\website\website constructs\thresholdmythology.html","98BC1E32A838619F3CF777F57B101A06B4CCA02CA98F432C56684AB5BBCCAE2A","COPIED"
"C:\Threshold-Frontend-main\website\contact.html","C:\Threshold\html-inventory\frontend-main\website\contact.html","3248AB78BF8CE02692CEEE37DDE11ABDB8D53411841CD7C17576E8EF1DCE4844","COPIED"
"C:\Threshold-Frontend-main\website\dialogues.html","C:\Threshold\html-inventory\frontend-main\website\dialogues.html","DA161499AAE5A21B4FF58AA747A52CF46BE92BAF2DDE375212460073995CA640","COPIED"
"C:\Threshold-Frontend-main\website\discover.html","C:\Threshold\html-inventory\frontend-main\website\discover.html","3B34D146D45482A6677239F83C9F2169C755BC2D2F570960BC0EF47675D623C8","COPIED"
"C:\Threshold-Frontend-main\website\engine.html","C:\Threshold\html-inventory\frontend-main\website\engine.html","48A0EBDEEB1282AA8A3936F29A6D518BEDFB835B0E27296E823ECF3DF9980417","COPIED"
"C:\Threshold-Frontend-main\website\ethos.html","C:\Threshold\html-inventory\frontend-main\website\ethos.html","62D077075D69C49F2D8D90BAB8C0F8AD72C9223C7B048C74B39BF5FC27806EE9","COPIED"
"C:\Threshold-Frontend-main\website\garden.html","C:\Threshold\html-inventory\frontend-main\website\garden.html","484D6D00D9B44D5D13B93B43B3A02491ECB667881F4A7385398E8F40A47522E7","COPIED"
"C:\Threshold-Frontend-main\website\glyphs.html","C:\Threshold\html-inventory\frontend-main\website\glyphs.html","5A1726F2BA8121A3B6EE1397155925D21E0FA48378FF73FFF80153AC67F4265D","COPIED"
"C:\Threshold-Frontend-main\website\housegarden.html","C:\Threshold\html-inventory\frontend-main\website\housegarden.html","6659AA309DD7313CB3C9DA1FEFB27B7D4D628FC05907724AB5035FBFCAA689A9","COPIED"
"C:\Threshold-Frontend-main\website\hub.html","C:\Threshold\html-inventory\frontend-main\website\hub.html","4846BD068176A7A47E32CF5626CC9F7DEECC60314236E5A2A5D64B7A18D535CA","COPIED"
"C:\Threshold-Frontend-main\website\index.html","C:\Threshold\html-inventory\frontend-main\website\index.html","E7975436049B21309A36191C4EED7C588AE7AB75E64CC0A25FA32A83BFCF46C0","COPIED"
"C:\Threshold-Frontend-main\website\invitation.html","C:\Threshold\html-inventory\frontend-main\website\invitation.html","9D079013C99D7CD7424609FC7621CC3C9B9D23CA8391B4D8828E7AB3EB618691","COPIED"
"C:\Threshold-Frontend-main\website\learningwheel.html","C:\Threshold\html-inventory\frontend-main\website\learningwheel.html","3670278B5589DFC2B360FE05328C370917E08A8046C68398DA626C6928E2345E","COPIED"
"C:\Threshold-Frontend-main\website\mythology.html","C:\Threshold\html-inventory\frontend-main\website\mythology.html","60C95313CDCA53A20CEA72CB6D496A8FB9A2921EDE6BEF94F72675B8FDA99635","COPIED"
"C:\Threshold-Frontend-main\website\spoke.html","C:\Threshold\html-inventory\frontend-main\website\spoke.html","EBB439DD21E829DCE3734753ADF3E2579620E4B8AAC41397B1963DAE47A9FADC","COPIED"
"C:\Threshold-Frontend-main\vault-holding\website-history\house-and-garden\index.html","C:\Threshold\html-inventory\frontend-main\vault-holding\website-history\house-and-garden\index.html","C0BD83142B873E88597952F05550B3743A3169025327022F95F09032BB01073D","COPIED"
"C:\Threshold-Frontend-main\vault-holding\website-history\house-and-garden\prototype-core\index.html","C:\Threshold\html-inventory\frontend-main\vault-holding\website-history\house-and-garden\prototype-core\index.html","2E0494C20C7E0DF64DE47F5677B49745835158201C9CCB4E82A64870A6AB43C2","COPIED"
"C:\Threshold-Frontend-main\vault-holding\website-history\house-and-garden\v1-legacy-rooms\index.html","C:\Threshold\html-inventory\frontend-main\vault-holding\website-history\house-and-garden\v1-legacy-rooms\index.html","7B4735B6C5DA4C61C1F5487E36A88D5E16DA48DF43A0FEB74AD49AA896567F68","COPIED"
"C:\Threshold-Frontend-main\vault-holding\website-history\house-and-garden\v2-inline-flower\housegarden.html","C:\Threshold\html-inventory\frontend-main\vault-holding\website-history\house-and-garden\v2-inline-flower\housegarden.html","E517AC4DE3A2B69766F6BF611529805E3B61EF2770BAF42B4A6C4838C355C2CD","COPIED"
"C:\Threshold-Frontend-main\vault-holding\website-history\house-and-garden\v2-inline-flower\index.html","C:\Threshold\html-inventory\frontend-main\vault-holding\website-history\house-and-garden\v2-inline-flower\index.html","A067D668C891C5BD4F438739D8E20D194E3591BF87E072280595D74F12C99CAB","COPIED"
"C:\Threshold-Frontend-main\vault-holding\website-history\house-and-garden\v2-inline-flower\source.html","C:\Threshold\html-inventory\frontend-main\vault-holding\website-history\house-and-garden\v2-inline-flower\source.html","E517AC4DE3A2B69766F6BF611529805E3B61EF2770BAF42B4A6C4838C355C2CD","COPIED"
"C:\Threshold-Frontend-main\vault-holding\website-history\house-and-garden\v3-worker-current\index.html","C:\Threshold\html-inventory\frontend-main\vault-holding\website-history\house-and-garden\v3-worker-current\index.html","B89025859119F929F1F5109618A3EE1015BFD454305580BF0E26E8A9A0DCA557","COPIED"
"C:\Threshold-Frontend-main\vault-holding\website-history\house-and-garden\v3-worker-current\source.html","C:\Threshold\html-inventory\frontend-main\vault-holding\website-history\house-and-garden\v3-worker-current\source.html","A5F18F18C7AB41469247D317600129D57E2FFF8E95249BF51454A3EC96265F5B","COPIED"
"C:\Threshold-Frontend-main\vault-holding\website-history\spoke-wheel\index.html","C:\Threshold\html-inventory\frontend-main\vault-holding\website-history\spoke-wheel\index.html","655A926814493D8CA81AA5579D8E9C2D35447DE970846C621EED5F0D56F35813","COPIED"
"C:\Threshold-Frontend-main\vault-holding\website-history\spoke-wheel\level-1-hub\home\index.html","C:\Threshold\html-inventory\frontend-main\vault-holding\website-history\spoke-wheel\level-1-hub\home\index.html","5F233F175096B9D9ABBEA0B853597ED0CA71F21AA7AD02CE62427D927DAA2FAF","COPIED"
"C:\Threshold-Frontend-main\vault-holding\website-history\spoke-wheel\level-1-hub\home\core-prototype\source.html","C:\Threshold\html-inventory\frontend-main\vault-holding\website-history\spoke-wheel\level-1-hub\home\core-prototype\source.html","6243B3366FC3BF59267B52D57FB51D464B774F74EBF69383310D7DD42E846E4E","COPIED"
"C:\Threshold-Frontend-main\vault-holding\website-history\spoke-wheel\level-1-hub\home\current\source.html","C:\Threshold\html-inventory\frontend-main\vault-holding\website-history\spoke-wheel\level-1-hub\home\current\source.html","A2E90F7FE71A02025A5424AC2CDD51D412E6DC11ADE16D0EEDE1FF94E0980DFC","COPIED"
"C:\Threshold-Frontend-main\vault-holding\website-history\spoke-wheel\level-1-hub\home\git-history\0a6c149661f2.html","C:\Threshold\html-inventory\frontend-main\vault-holding\website-history\spoke-wheel\level-1-hub\home\git-history\0a6c149661f2.html","6243B3366FC3BF59267B52D57FB51D464B774F74EBF69383310D7DD42E846E4E","COPIED"
"C:\Threshold-Frontend-main\vault-holding\website-history\spoke-wheel\level-1-hub\home\git-history\49b41f07ea06.html","C:\Threshold\html-inventory\frontend-main\vault-holding\website-history\spoke-wheel\level-1-hub\home\git-history\49b41f07ea06.html","C55C656115EC27E15711FB81E4AF46181F8BE09AC40CD47D7DECA5CC740D116D","COPIED"
"C:\Threshold-Frontend-main\vault-holding\website-history\spoke-wheel\level-1-hub\home\git-history\5f52e4854e80.html","C:\Threshold\html-inventory\frontend-main\vault-holding\website-history\spoke-wheel\level-1-hub\home\git-history\5f52e4854e80.html","653EA59BBC3C4DFC4E40BC9A394B27B15FEFFFA257838492FE86930A9BE47A9A","COPIED"
"C:\Threshold-Frontend-main\vault-holding\website-history\spoke-wheel\level-1-hub\home\git-history\91d7607d90b5.html","C:\Threshold\html-inventory\frontend-main\vault-holding\website-history\spoke-wheel\level-1-hub\home\git-history\91d7607d90b5.html","F1E66B72AED1D8AC25535118CD5EC3A2DB018AB2D2BD357175A9ED68C07CDE7A","COPIED"
"C:\Threshold-Frontend-main\vault-holding\website-history\spoke-wheel\level-1-hub\home\git-history\997b47570435.html","C:\Threshold\html-inventory\frontend-main\vault-holding\website-history\spoke-wheel\level-1-hub\home\git-history\997b47570435.html","2510681DAD9E091AB5F9B37524F4D98074DF73B66E62C6C8814AE9F32074276F","COPIED"
"C:\Threshold-Frontend-main\vault-holding\website-history\spoke-wheel\level-1-hub\home\git-history\d73b8e3cac40.html","C:\Threshold\html-inventory\frontend-main\vault-holding\website-history\spoke-wheel\level-1-hub\home\git-history\d73b8e3cac40.html","965392D18A37B527D57E086BB345B2240D8C6F5B58F62479DAD9EC03154705B1","COPIED"
"C:\Threshold-Frontend-main\vault-holding\website-history\spoke-wheel\level-1-hub\home\git-history\e0164f851c94.html","C:\Threshold\html-inventory\frontend-main\vault-holding\website-history\spoke-wheel\level-1-hub\home\git-history\e0164f851c94.html","59FB2C097E50A1D24BC37A156FBAEC067E0817F1A7F294C5A6C4A171587C86B6","COPIED"
"C:\Threshold-Frontend-main\vault-holding\website-history\spoke-wheel\level-1-hub\home\git-history\e206be1ac154.html","C:\Threshold\html-inventory\frontend-main\vault-holding\website-history\spoke-wheel\level-1-hub\home\git-history\e206be1ac154.html","307FC8DF6907007648E98BB136B3D5E3668CC1972C6FB558441825D738B0D190","COPIED"
"C:\Threshold-Frontend-main\vault-holding\website-history\spoke-wheel\level-1-hub\home\git-history\e4524f8621aa.html","C:\Threshold\html-inventory\frontend-main\vault-holding\website-history\spoke-wheel\level-1-hub\home\git-history\e4524f8621aa.html","7B4735B6C5DA4C61C1F5487E36A88D5E16DA48DF43A0FEB74AD49AA896567F68","COPIED"
"C:\Threshold-Frontend-main\vault-holding\website-history\spoke-wheel\level-1-hub\home\git-history\e965c6f03737.html","C:\Threshold\html-inventory\frontend-main\vault-holding\website-history\spoke-wheel\level-1-hub\home\git-history\e965c6f03737.html","448A10A43203E60DEE85105F478ED153FF5949E6CB64887D1193CAF9E0BDA921","COPIED"
"C:\Threshold-Frontend-main\vault-holding\website-history\spoke-wheel\level-1-hub\home\git-history\feb7d525602e.html","C:\Threshold\html-inventory\frontend-main\vault-holding\website-history\spoke-wheel\level-1-hub\home\git-history\feb7d525602e.html","A2E90F7FE71A02025A5424AC2CDD51D412E6DC11ADE16D0EEDE1FF94E0980DFC","COPIED"
"C:\Threshold-Frontend-main\vault-holding\website-history\spoke-wheel\level-1-hub\home\legacy-constructs\hub.html","C:\Threshold\html-inventory\frontend-main\vault-holding\website-history\spoke-wheel\level-1-hub\home\legacy-constructs\hub.html","AE21DE1F9F4AF3700109A57688CFCFC1513D905638CCED91ADAC1A3551085BEB","COPIED"
"C:\Threshold-Frontend-main\vault-holding\website-history\spoke-wheel\level-1-hub\home\legacy-constructs\hub2.html","C:\Threshold\html-inventory\frontend-main\vault-holding\website-history\spoke-wheel\level-1-hub\home\legacy-constructs\hub2.html","15A6028806FE711FCD3AE157303D942BD62908A1C333873FDA5F741D86AC3463","COPIED"
"C:\Threshold-Frontend-main\vault-holding\website-history\spoke-wheel\level-1-hub\home\legacy-constructs\index.html","C:\Threshold\html-inventory\frontend-main\vault-holding\website-history\spoke-wheel\level-1-hub\home\legacy-constructs\index.html","F1E66B72AED1D8AC25535118CD5EC3A2DB018AB2D2BD357175A9ED68C07CDE7A","COPIED"
"C:\Threshold-Frontend-main\vault-holding\website-history\spoke-wheel\level-1-hub\home\legacy-constructs\index2.html","C:\Threshold\html-inventory\frontend-main\vault-holding\website-history\spoke-wheel\level-1-hub\home\legacy-constructs\index2.html","E2C4E0C88881D98A951B52F58887B06EC7C3DBCBEEC48F5AD482A72D3FBBE106","COPIED"
"C:\Threshold-Frontend-main\vault-holding\website-history\spoke-wheel\level-1-hub\home\legacy-constructs\resonancehub.html","C:\Threshold\html-inventory\frontend-main\vault-holding\website-history\spoke-wheel\level-1-hub\home\legacy-constructs\resonancehub.html","DFA3989DEFA93775ADB88357B1A155C4CD3898F866AAA57FBCCD4975DE7D7FA8","COPIED"
"C:\Threshold-Frontend-main\vault-holding\website-history\spoke-wheel\level-2-spokes\contact\index.html","C:\Threshold\html-inventory\frontend-main\vault-holding\website-history\spoke-wheel\level-2-spokes\contact\index.html","FABCF968377346295449876B87BA0011A6C55E450370C51A1C45132DB8E08D30","COPIED"
"C:\Threshold-Frontend-main\vault-holding\website-history\spoke-wheel\level-2-spokes\contact\core-prototype\source.html","C:\Threshold\html-inventory\frontend-main\vault-holding\website-history\spoke-wheel\level-2-spokes\contact\core-prototype\source.html","1ED3A50EBCA2BC87A93F60AA604B1A4D8C7108BDA1972B6F4C1688F53110C09E","COPIED"
"C:\Threshold-Frontend-main\vault-holding\website-history\spoke-wheel\level-2-spokes\contact\current\source.html","C:\Threshold\html-inventory\frontend-main\vault-holding\website-history\spoke-wheel\level-2-spokes\contact\current\source.html","BDC4706BD210E5899DA649A72B23194C8CBA31EED5F97001E749581E97DF5D02","COPIED"
"C:\Threshold-Frontend-main\vault-holding\website-history\spoke-wheel\level-2-spokes\contact\git-history\2638afb7725c.html","C:\Threshold\html-inventory\frontend-main\vault-holding\website-history\spoke-wheel\level-2-spokes\contact\git-history\2638afb7725c.html","BDC4706BD210E5899DA649A72B23194C8CBA31EED5F97001E749581E97DF5D02","COPIED"
"C:\Threshold-Frontend-main\vault-holding\website-history\spoke-wheel\level-2-spokes\contact\git-history\316d14e17fe0.html","C:\Threshold\html-inventory\frontend-main\vault-holding\website-history\spoke-wheel\level-2-spokes\contact\git-history\316d14e17fe0.html","B6BA703123F01B6FEB507BC1372E80BB61F57EA9832D3479A803F8D692DDA8F6","COPIED"
"C:\Threshold-Frontend-main\vault-holding\website-history\spoke-wheel\level-2-spokes\contact\git-history\5aba80d071eb.html","C:\Threshold\html-inventory\frontend-main\vault-holding\website-history\spoke-wheel\level-2-spokes\contact\git-history\5aba80d071eb.html","0D2AE71220401F643A19D8583A21B4A4A833DD521DA70E78899056FD64416EE8","COPIED"
"C:\Threshold-Frontend-main\vault-holding\website-history\spoke-wheel\level-2-spokes\contact\git-history\5c6eceaa329b.html","C:\Threshold\html-inventory\frontend-main\vault-holding\website-history\spoke-wheel\level-2-spokes\contact\git-history\5c6eceaa329b.html","2A92BD4C706B140E2455E3AA458AA6290D5C3D43FC00A16475A70AFAE596B980","COPIED"
"C:\Threshold-Frontend-main\vault-holding\website-history\spoke-wheel\level-2-spokes\contact\git-history\7176af41eee6.html","C:\Threshold\html-inventory\frontend-main\vault-holding\website-history\spoke-wheel\level-2-spokes\contact\git-history\7176af41eee6.html","1ED3A50EBCA2BC87A93F60AA604B1A4D8C7108BDA1972B6F4C1688F53110C09E","COPIED"
"C:\Threshold-Frontend-main\vault-holding\website-history\spoke-wheel\level-2-spokes\contact\git-history\9f1aca6db6ed.html","C:\Threshold\html-inventory\frontend-main\vault-holding\website-history\spoke-wheel\level-2-spokes\contact\git-history\9f1aca6db6ed.html","20955F44988754F07AE58F28885138B61EAC41E1335767E7ACA6EBEBBEE1A58D","COPIED"
"C:\Threshold-Frontend-main\vault-holding\website-history\spoke-wheel\level-2-spokes\dialogues\index.html","C:\Threshold\html-inventory\frontend-main\vault-holding\website-history\spoke-wheel\level-2-spokes\dialogues\index.html","25676EC91F00B5805748CA10F673497AC8FF40FFC9EB390A89A7A3048DD8D0CE","COPIED"
"C:\Threshold-Frontend-main\vault-holding\website-history\spoke-wheel\level-2-spokes\dialogues\core-prototype\source.html","C:\Threshold\html-inventory\frontend-main\vault-holding\website-history\spoke-wheel\level-2-spokes\dialogues\core-prototype\source.html","ED54B6545CD4ED044583BEDFF795054209B34526D6D2087222D00E3D6607F097","COPIED"
"C:\Threshold-Frontend-main\vault-holding\website-history\spoke-wheel\level-2-spokes\dialogues\current\source.html","C:\Threshold\html-inventory\frontend-main\vault-holding\website-history\spoke-wheel\level-2-spokes\dialogues\current\source.html","9826EC6EC8E603A0878A29D6EEC4DE3880CB512E6860D1740CB52B6CB01B0EB3","COPIED"
"C:\Threshold-Frontend-main\vault-holding\website-history\spoke-wheel\level-2-spokes\dialogues\git-history\1ce2d9ebd604.html","C:\Threshold\html-inventory\frontend-main\vault-holding\website-history\spoke-wheel\level-2-spokes\dialogues\git-history\1ce2d9ebd604.html","C1366E9ECAA29BC513D67B57FF69924E215401381CC3186D0895985F1EBE713E","COPIED"
"C:\Threshold-Frontend-main\vault-holding\website-history\spoke-wheel\level-2-spokes\dialogues\git-history\2d15144f5052.html","C:\Threshold\html-inventory\frontend-main\vault-holding\website-history\spoke-wheel\level-2-spokes\dialogues\git-history\2d15144f5052.html","254B7337594E6A73F0431514F98BBDAF43AD70F95E6DDB7B8795608C8112C099","COPIED"
"C:\Threshold-Frontend-main\vault-holding\website-history\spoke-wheel\level-2-spokes\dialogues\git-history\306eadd7087a.html","C:\Threshold\html-inventory\frontend-main\vault-holding\website-history\spoke-wheel\level-2-spokes\dialogues\git-history\306eadd7087a.html","ED54B6545CD4ED044583BEDFF795054209B34526D6D2087222D00E3D6607F097","COPIED"
"C:\Threshold-Frontend-main\vault-holding\website-history\spoke-wheel\level-2-spokes\dialogues\git-history\5a99764de609.html","C:\Threshold\html-inventory\frontend-main\vault-holding\website-history\spoke-wheel\level-2-spokes\dialogues\git-history\5a99764de609.html","4F4980E15EF5D49732BE5393D306A5B4C5528C0CAC107B999550920B521B1624","COPIED"
"C:\Threshold-Frontend-main\vault-holding\website-history\spoke-wheel\level-2-spokes\dialogues\git-history\7386b1c0f9c4.html","C:\Threshold\html-inventory\frontend-main\vault-holding\website-history\spoke-wheel\level-2-spokes\dialogues\git-history\7386b1c0f9c4.html","EEC817BF63756A6720E98A023AA431EE2B2BEC7E261A1BFA511380BB9AE65948","COPIED"
"C:\Threshold-Frontend-main\vault-holding\website-history\spoke-wheel\level-2-spokes\dialogues\git-history\b3210b3c555a.html","C:\Threshold\html-inventory\frontend-main\vault-holding\website-history\spoke-wheel\level-2-spokes\dialogues\git-history\b3210b3c555a.html","9826EC6EC8E603A0878A29D6EEC4DE3880CB512E6860D1740CB52B6CB01B0EB3","COPIED"
"C:\Threshold-Frontend-main\vault-holding\website-history\spoke-wheel\level-2-spokes\dialogues\legacy-constructs\thresholddialogues.html","C:\Threshold\html-inventory\frontend-main\vault-holding\website-history\spoke-wheel\level-2-spokes\dialogues\legacy-constructs\thresholddialogues.html","4E07DD5C14FF0B26C713BC56B2092495910DCFE965F1A30A10B9C083E9DA4E81","COPIED"
"C:\Threshold-Frontend-main\vault-holding\website-history\spoke-wheel\level-2-spokes\discover\index.html","C:\Threshold\html-inventory\frontend-main\vault-holding\website-history\spoke-wheel\level-2-spokes\discover\index.html","A0B6EBEEC763A312B3C9B965C042261F551072B7DA25848CD25131761D692271","COPIED"
"C:\Threshold-Frontend-main\vault-holding\website-history\spoke-wheel\level-2-spokes\discover\core-prototype\source.html","C:\Threshold\html-inventory\frontend-main\vault-holding\website-history\spoke-wheel\level-2-spokes\discover\core-prototype\source.html","6C66CA410F6AE8BE7C1733EA90EB70DFBFB6326B2DFD8E73C9C8DE91D43CAB36","COPIED"
"C:\Threshold-Frontend-main\vault-holding\website-history\spoke-wheel\level-2-spokes\discover\current\source.html","C:\Threshold\html-inventory\frontend-main\vault-holding\website-history\spoke-wheel\level-2-spokes\discover\current\source.html","EC0B99CB9B8168DD9E58019A6CC2D9C153D2E2A0D2FA3468B3DF61BD5A94B556","COPIED"
"C:\Threshold-Frontend-main\vault-holding\website-history\spoke-wheel\level-2-spokes\discover\git-history\50ead4bd5ff8.html","C:\Threshold\html-inventory\frontend-main\vault-holding\website-history\spoke-wheel\level-2-spokes\discover\git-history\50ead4bd5ff8.html","4D1B5719C47D68F07B3BA77F5266A71BDCF335144209EC199021436A6BABA174","COPIED"
"C:\Threshold-Frontend-main\vault-holding\website-history\spoke-wheel\level-2-spokes\discover\git-history\bdda9a3ecbf0.html","C:\Threshold\html-inventory\frontend-main\vault-holding\website-history\spoke-wheel\level-2-spokes\discover\git-history\bdda9a3ecbf0.html","EC0B99CB9B8168DD9E58019A6CC2D9C153D2E2A0D2FA3468B3DF61BD5A94B556","COPIED"
"C:\Threshold-Frontend-main\vault-holding\website-history\spoke-wheel\level-2-spokes\discover\git-history\bf1cc733edc2.html","C:\Threshold\html-inventory\frontend-main\vault-holding\website-history\spoke-wheel\level-2-spokes\discover\git-history\bf1cc733edc2.html","6C66CA410F6AE8BE7C1733EA90EB70DFBFB6326B2DFD8E73C9C8DE91D43CAB36","COPIED"
"C:\Threshold-Frontend-main\vault-holding\website-history\spoke-wheel\level-2-spokes\engine\index.html","C:\Threshold\html-inventory\frontend-main\vault-holding\website-history\spoke-wheel\level-2-spokes\engine\index.html","D86CAC1BF81787FCBBB81BF76512E21ABEBA50B29AC9C7EC54586E5E7F2EA6DA","COPIED"
"C:\Threshold-Frontend-main\vault-holding\website-history\spoke-wheel\level-2-spokes\engine\core-prototype\source.html","C:\Threshold\html-inventory\frontend-main\vault-holding\website-history\spoke-wheel\level-2-spokes\engine\core-prototype\source.html","13C55D4E4D31F3EDEF3191D7085493E23A036CA5A1FB3D9FE30CF56C428F7BC3","COPIED"
"C:\Threshold-Frontend-main\vault-holding\website-history\spoke-wheel\level-2-spokes\engine\current\source.html","C:\Threshold\html-inventory\frontend-main\vault-holding\website-history\spoke-wheel\level-2-spokes\engine\current\source.html","82181A10627B95FFF6BAC2999D7DF0E30E859638B037306DA09DEDA4D122E900","COPIED"
"C:\Threshold-Frontend-main\vault-holding\website-history\spoke-wheel\level-2-spokes\engine\git-history\93ffdba9b02b.html","C:\Threshold\html-inventory\frontend-main\vault-holding\website-history\spoke-wheel\level-2-spokes\engine\git-history\93ffdba9b02b.html","0CDBA8058DD3515C4CB52966DBB9BA6D2A7239EC986E1DC1D8EA79E25B96A999","COPIED"
"C:\Threshold-Frontend-main\vault-holding\website-history\spoke-wheel\level-2-spokes\engine\git-history\bc7c8847d00a.html","C:\Threshold\html-inventory\frontend-main\vault-holding\website-history\spoke-wheel\level-2-spokes\engine\git-history\bc7c8847d00a.html","13C55D4E4D31F3EDEF3191D7085493E23A036CA5A1FB3D9FE30CF56C428F7BC3","COPIED"
"C:\Threshold-Frontend-main\vault-holding\website-history\spoke-wheel\level-2-spokes\engine\git-history\c044204c3371.html","C:\Threshold\html-inventory\frontend-main\vault-holding\website-history\spoke-wheel\level-2-spokes\engine\git-history\c044204c3371.html","82181A10627B95FFF6BAC2999D7DF0E30E859638B037306DA09DEDA4D122E900","COPIED"
"C:\Threshold-Frontend-main\vault-holding\website-history\spoke-wheel\level-2-spokes\ethos\index.html","C:\Threshold\html-inventory\frontend-main\vault-holding\website-history\spoke-wheel\level-2-spokes\ethos\index.html","8915B8571BD10DF095841DE762399946035C52088ED2D40FF5FEC6BECCE69674","COPIED"
"C:\Threshold-Frontend-main\vault-holding\website-history\spoke-wheel\level-2-spokes\ethos\core-prototype\source.html","C:\Threshold\html-inventory\frontend-main\vault-holding\website-history\spoke-wheel\level-2-spokes\ethos\core-prototype\source.html","9339AAF1E971F5D27E1EA079A16B8B3D8A45DE45CBA284675C493BE6C9EC3DAF","COPIED"
"C:\Threshold-Frontend-main\vault-holding\website-history\spoke-wheel\level-2-spokes\ethos\current\source.html","C:\Threshold\html-inventory\frontend-main\vault-holding\website-history\spoke-wheel\level-2-spokes\ethos\current\source.html","C9DB3554D9EEB573C807860CC48EA428AA82DC6E443775A5A1C32F6299528FD7","COPIED"
"C:\Threshold-Frontend-main\vault-holding\website-history\spoke-wheel\level-2-spokes\ethos\git-history\083c094df380.html","C:\Threshold\html-inventory\frontend-main\vault-holding\website-history\spoke-wheel\level-2-spokes\ethos\git-history\083c094df380.html","9339AAF1E971F5D27E1EA079A16B8B3D8A45DE45CBA284675C493BE6C9EC3DAF","COPIED"
"C:\Threshold-Frontend-main\vault-holding\website-history\spoke-wheel\level-2-spokes\ethos\git-history\11684309ad1e.html","C:\Threshold\html-inventory\frontend-main\vault-holding\website-history\spoke-wheel\level-2-spokes\ethos\git-history\11684309ad1e.html","3028D76A5D647FA95BF1E7A180A703CA674ED4DF5B705E373F02BC26F192C548","COPIED"
"C:\Threshold-Frontend-main\vault-holding\website-history\spoke-wheel\level-2-spokes\ethos\git-history\c143116fdeb2.html","C:\Threshold\html-inventory\frontend-main\vault-holding\website-history\spoke-wheel\level-2-spokes\ethos\git-history\c143116fdeb2.html","F310302F14D1763C2B99C13B7B2D81E44CDCA94F5FDE42FDBFBF60D4FCE3A389","COPIED"
"C:\Threshold-Frontend-main\vault-holding\website-history\spoke-wheel\level-2-spokes\ethos\git-history\cabc42869243.html","C:\Threshold\html-inventory\frontend-main\vault-holding\website-history\spoke-wheel\level-2-spokes\ethos\git-history\cabc42869243.html","5803E68E043BF2CE2C2093249619DA5262F25C382D48C0193A3F3D1ED565A104","COPIED"
"C:\Threshold-Frontend-main\vault-holding\website-history\spoke-wheel\level-2-spokes\ethos\git-history\dd88f6e2890b.html","C:\Threshold\html-inventory\frontend-main\vault-holding\website-history\spoke-wheel\level-2-spokes\ethos\git-history\dd88f6e2890b.html","C9DB3554D9EEB573C807860CC48EA428AA82DC6E443775A5A1C32F6299528FD7","COPIED"
"C:\Threshold-Frontend-main\vault-holding\website-history\spoke-wheel\level-2-spokes\ethos\git-history\e7c835b56949.html","C:\Threshold\html-inventory\frontend-main\vault-holding\website-history\spoke-wheel\level-2-spokes\ethos\git-history\e7c835b56949.html","67371FBBB2328993E3A6B8737331286F9CD72A2F1000051B2BE04AFDF4B4DC73","COPIED"
"C:\Threshold-Frontend-main\vault-holding\website-history\spoke-wheel\level-2-spokes\ethos\git-history\fed0b707974a.html","C:\Threshold\html-inventory\frontend-main\vault-holding\website-history\spoke-wheel\level-2-spokes\ethos\git-history\fed0b707974a.html","AE3EB2F0A140461075ABDA370C4CF8C26363926A45DC8710A710EC4C91D35191","COPIED"
"C:\Threshold-Frontend-main\vault-holding\website-history\spoke-wheel\level-2-spokes\glyphs\index.html","C:\Threshold\html-inventory\frontend-main\vault-holding\website-history\spoke-wheel\level-2-spokes\glyphs\index.html","AE55D1994FAF3375A6989A0D6F898287619CD34F53C20C0319A0F73B977909EA","COPIED"
"C:\Threshold-Frontend-main\vault-holding\website-history\spoke-wheel\level-2-spokes\glyphs\core-prototype\source.html","C:\Threshold\html-inventory\frontend-main\vault-holding\website-history\spoke-wheel\level-2-spokes\glyphs\core-prototype\source.html","C06BCD2858DE48AB7526C13A53FB296D3626E4A4BE7D5AFE39253033A3B1233C","COPIED"
"C:\Threshold-Frontend-main\vault-holding\website-history\spoke-wheel\level-2-spokes\glyphs\current\source.html","C:\Threshold\html-inventory\frontend-main\vault-holding\website-history\spoke-wheel\level-2-spokes\glyphs\current\source.html","BE2266DCC06D186B61CCE8F2DB619992EDB6CF77E02285553729486236007881","COPIED"
"C:\Threshold-Frontend-main\vault-holding\website-history\spoke-wheel\level-2-spokes\glyphs\git-history\0caf7d9dca23.html","C:\Threshold\html-inventory\frontend-main\vault-holding\website-history\spoke-wheel\level-2-spokes\glyphs\git-history\0caf7d9dca23.html","C0AC09C5F2A83CDA70BFCB6D552D6D13EFA82124DDE05F8993E18B25FDDC6195","COPIED"
"C:\Threshold-Frontend-main\vault-holding\website-history\spoke-wheel\level-2-spokes\glyphs\git-history\14e38c22a476.html","C:\Threshold\html-inventory\frontend-main\vault-holding\website-history\spoke-wheel\level-2-spokes\glyphs\git-history\14e38c22a476.html","C06BCD2858DE48AB7526C13A53FB296D3626E4A4BE7D5AFE39253033A3B1233C","COPIED"
"C:\Threshold-Frontend-main\vault-holding\website-history\spoke-wheel\level-2-spokes\glyphs\git-history\3fd2cdbda0d5.html","C:\Threshold\html-inventory\frontend-main\vault-holding\website-history\spoke-wheel\level-2-spokes\glyphs\git-history\3fd2cdbda0d5.html","BE2266DCC06D186B61CCE8F2DB619992EDB6CF77E02285553729486236007881","COPIED"
"C:\Threshold-Frontend-main\vault-holding\website-history\spoke-wheel\level-2-spokes\glyphs\git-history\4db915109bb2.html","C:\Threshold\html-inventory\frontend-main\vault-holding\website-history\spoke-wheel\level-2-spokes\glyphs\git-history\4db915109bb2.html","B85B70EFD303A48EA8B818E589594FD78A8B48B75394ACCCD914A70AACB07431","COPIED"
"C:\Threshold-Frontend-main\vault-holding\website-history\spoke-wheel\level-2-spokes\glyphs\git-history\690e0f08b378.html","C:\Threshold\html-inventory\frontend-main\vault-holding\website-history\spoke-wheel\level-2-spokes\glyphs\git-history\690e0f08b378.html","F9B22334AE16E9CCF87F995DD82DC3A912E2416773DB800FE7E2E17A8F2A3020","COPIED"
"C:\Threshold-Frontend-main\vault-holding\website-history\spoke-wheel\level-2-spokes\glyphs\git-history\af25c057570e.html","C:\Threshold\html-inventory\frontend-main\vault-holding\website-history\spoke-wheel\level-2-spokes\glyphs\git-history\af25c057570e.html","53411EC107DCB5C153C53AF6B5E85AD56C96237C8FFADB6EF0B04CE093A31A62","COPIED"
"C:\Threshold-Frontend-main\vault-holding\website-history\spoke-wheel\level-2-spokes\glyphs\git-history\db729358183e.html","C:\Threshold\html-inventory\frontend-main\vault-holding\website-history\spoke-wheel\level-2-spokes\glyphs\git-history\db729358183e.html","7551BA0B138E08C4D377B2154435C486CC842412F3CFC038FF5EA5387EC96F92","COPIED"
"C:\Threshold-Frontend-main\vault-holding\website-history\spoke-wheel\level-2-spokes\house-garden\index.html","C:\Threshold\html-inventory\frontend-main\vault-holding\website-history\spoke-wheel\level-2-spokes\house-garden\index.html","70F31BAA97F3CD046023A863DD985CFB5FE26CC9F9D035E3A3F15DB12CEB41EE","COPIED"
"C:\Threshold-Frontend-main\vault-holding\website-history\spoke-wheel\level-2-spokes\house-garden\core-prototype\source.html","C:\Threshold\html-inventory\frontend-main\vault-holding\website-history\spoke-wheel\level-2-spokes\house-garden\core-prototype\source.html","2E0494C20C7E0DF64DE47F5677B49745835158201C9CCB4E82A64870A6AB43C2","COPIED"
"C:\Threshold-Frontend-main\vault-holding\website-history\spoke-wheel\level-2-spokes\house-garden\current\source.html","C:\Threshold\html-inventory\frontend-main\vault-holding\website-history\spoke-wheel\level-2-spokes\house-garden\current\source.html","A5F18F18C7AB41469247D317600129D57E2FFF8E95249BF51454A3EC96265F5B","COPIED"
"C:\Threshold-Frontend-main\vault-holding\website-history\spoke-wheel\level-2-spokes\house-garden\git-history\01d4339754de.html","C:\Threshold\html-inventory\frontend-main\vault-holding\website-history\spoke-wheel\level-2-spokes\house-garden\git-history\01d4339754de.html","E517AC4DE3A2B69766F6BF611529805E3B61EF2770BAF42B4A6C4838C355C2CD","COPIED"
"C:\Threshold-Frontend-main\vault-holding\website-history\spoke-wheel\level-2-spokes\house-garden\git-history\507fb8dfc841.html","C:\Threshold\html-inventory\frontend-main\vault-holding\website-history\spoke-wheel\level-2-spokes\house-garden\git-history\507fb8dfc841.html","A40C4C7D4D3E1547F93F3F6F39D588D2F90B0CE5884BCA3DC2F221D60F0711F1","COPIED"
"C:\Threshold-Frontend-main\vault-holding\website-history\spoke-wheel\level-2-spokes\house-garden\git-history\59eead6fff16.html","C:\Threshold\html-inventory\frontend-main\vault-holding\website-history\spoke-wheel\level-2-spokes\house-garden\git-history\59eead6fff16.html","0DC72734C3596F9C5130135317ACAC5E6A78B8A699C34DB5163C3FE5A919A65C","COPIED"
"C:\Threshold-Frontend-main\vault-holding\website-history\spoke-wheel\level-2-spokes\house-garden\git-history\65b91805cd50.html","C:\Threshold\html-inventory\frontend-main\vault-holding\website-history\spoke-wheel\level-2-spokes\house-garden\git-history\65b91805cd50.html","D186DAB36F8E4810BE10EECA09CB94CFD7B1C4584A7AD3AFFEB275089D62CEC0","COPIED"
"C:\Threshold-Frontend-main\vault-holding\website-history\spoke-wheel\level-2-spokes\house-garden\git-history\f449ab002fc8.html","C:\Threshold\html-inventory\frontend-main\vault-holding\website-history\spoke-wheel\level-2-spokes\house-garden\git-history\f449ab002fc8.html","2E0494C20C7E0DF64DE47F5677B49745835158201C9CCB4E82A64870A6AB43C2","COPIED"
"C:\Threshold-Frontend-main\vault-holding\website-history\spoke-wheel\level-2-spokes\invitation\index.html","C:\Threshold\html-inventory\frontend-main\vault-holding\website-history\spoke-wheel\level-2-spokes\invitation\index.html","C9FF7887D96E5F2D10DED40769C68A9DA7D88733ECF812CDACF82C5AE7D8EF5E","COPIED"
"C:\Threshold-Frontend-main\vault-holding\website-history\spoke-wheel\level-2-spokes\invitation\core-prototype\source.html","C:\Threshold\html-inventory\frontend-main\vault-holding\website-history\spoke-wheel\level-2-spokes\invitation\core-prototype\source.html","99DDCCA9C0604AC56608C7948E08E77802A650478D6A2343ACADC3CA04F4932A","COPIED"
"C:\Threshold-Frontend-main\vault-holding\website-history\spoke-wheel\level-2-spokes\invitation\current\source.html","C:\Threshold\html-inventory\frontend-main\vault-holding\website-history\spoke-wheel\level-2-spokes\invitation\current\source.html","E92BC7255B4425DEACD98BF53B61654F8550652D12885F07A1B7F66197F1C8D2","COPIED"
"C:\Threshold-Frontend-main\vault-holding\website-history\spoke-wheel\level-2-spokes\invitation\git-history\005b1ee721db.html","C:\Threshold\html-inventory\frontend-main\vault-holding\website-history\spoke-wheel\level-2-spokes\invitation\git-history\005b1ee721db.html","99DDCCA9C0604AC56608C7948E08E77802A650478D6A2343ACADC3CA04F4932A","COPIED"
"C:\Threshold-Frontend-main\vault-holding\website-history\spoke-wheel\level-2-spokes\invitation\git-history\248029b6312d.html","C:\Threshold\html-inventory\frontend-main\vault-holding\website-history\spoke-wheel\level-2-spokes\invitation\git-history\248029b6312d.html","F08A0E4C0F1D3BB3ACFC56D1383F3D13CA079B3ECE79E4E4295F2BC8C6E74900","COPIED"
"C:\Threshold-Frontend-main\vault-holding\website-history\spoke-wheel\level-2-spokes\invitation\git-history\603413454217.html","C:\Threshold\html-inventory\frontend-main\vault-holding\website-history\spoke-wheel\level-2-spokes\invitation\git-history\603413454217.html","E92BC7255B4425DEACD98BF53B61654F8550652D12885F07A1B7F66197F1C8D2","COPIED"
"C:\Threshold-Frontend-main\vault-holding\website-history\spoke-wheel\level-2-spokes\invitation\git-history\b79df31d5f5e.html","C:\Threshold\html-inventory\frontend-main\vault-holding\website-history\spoke-wheel\level-2-spokes\invitation\git-history\b79df31d5f5e.html","5D16FDC4031E797C9A6B75935FF81F27474159D088C903F53582CBA3A578E3A1","COPIED"
"C:\Threshold-Frontend-main\vault-holding\website-history\spoke-wheel\level-2-spokes\invitation\git-history\c6f6d4db2405.html","C:\Threshold\html-inventory\frontend-main\vault-holding\website-history\spoke-wheel\level-2-spokes\invitation\git-history\c6f6d4db2405.html","74B161098144EAF122D4977B8510B2886BA9BFA5F1443D6DAC398E18C3C9CD48","COPIED"
"C:\Threshold-Frontend-main\vault-holding\website-history\spoke-wheel\level-2-spokes\invitation\git-history\e6dc92f91879.html","C:\Threshold\html-inventory\frontend-main\vault-holding\website-history\spoke-wheel\level-2-spokes\invitation\git-history\e6dc92f91879.html","63895225A142C40D0245E166D36862A6F406A44AAED5D5A2CDAE0F74F582B652","COPIED"
"C:\Threshold-Frontend-main\vault-holding\website-history\spoke-wheel\level-2-spokes\invitation\git-history\eafc0d14fbff.html","C:\Threshold\html-inventory\frontend-main\vault-holding\website-history\spoke-wheel\level-2-spokes\invitation\git-history\eafc0d14fbff.html","22D18018E7CCC6EFFC70272529C6A15AFBAAE3299152CC1BCD6FCB4F7C3525F8","COPIED"
"C:\Threshold-Frontend-main\vault-holding\website-history\spoke-wheel\level-2-spokes\learning-wheel\index.html","C:\Threshold\html-inventory\frontend-main\vault-holding\website-history\spoke-wheel\level-2-spokes\learning-wheel\index.html","0F7BA00974AB8140AFA0A7CCA13EF4C447818F8609F03BAF3A19B7ABDA3B1B79","COPIED"
"C:\Threshold-Frontend-main\vault-holding\website-history\spoke-wheel\level-2-spokes\learning-wheel\core-prototype\source.html","C:\Threshold\html-inventory\frontend-main\vault-holding\website-history\spoke-wheel\level-2-spokes\learning-wheel\core-prototype\source.html","FD3F592A9A10C1D3614BCA5F6BF4A19508617BC82508B3F6876263BC4E0811C9","COPIED"
"C:\Threshold-Frontend-main\vault-holding\website-history\spoke-wheel\level-2-spokes\learning-wheel\current\source.html","C:\Threshold\html-inventory\frontend-main\vault-holding\website-history\spoke-wheel\level-2-spokes\learning-wheel\current\source.html","F9272B38F7CAE896248FF46B31C999E1895E78397A9EC0042DF9523E78EC4B41","COPIED"
"C:\Threshold-Frontend-main\vault-holding\website-history\spoke-wheel\level-2-spokes\learning-wheel\git-history\326c31b5f45f.html","C:\Threshold\html-inventory\frontend-main\vault-holding\website-history\spoke-wheel\level-2-spokes\learning-wheel\git-history\326c31b5f45f.html","FD3F592A9A10C1D3614BCA5F6BF4A19508617BC82508B3F6876263BC4E0811C9","COPIED"
"C:\Threshold-Frontend-main\vault-holding\website-history\spoke-wheel\level-2-spokes\learning-wheel\git-history\4f6d01094980.html","C:\Threshold\html-inventory\frontend-main\vault-holding\website-history\spoke-wheel\level-2-spokes\learning-wheel\git-history\4f6d01094980.html","B40B9E7CD756085274E55C4EC201E86E59161C52FCF3089BB0084F40FB1925D8","COPIED"
"C:\Threshold-Frontend-main\vault-holding\website-history\spoke-wheel\level-2-spokes\learning-wheel\git-history\591d71d2376d.html","C:\Threshold\html-inventory\frontend-main\vault-holding\website-history\spoke-wheel\level-2-spokes\learning-wheel\git-history\591d71d2376d.html","25C40B1D706A70483A998AA25D5B7EC8B4038DF68CFBC45F4A5C3E27CD790E84","COPIED"
"C:\Threshold-Frontend-main\vault-holding\website-history\spoke-wheel\level-2-spokes\learning-wheel\git-history\c227a274e04c.html","C:\Threshold\html-inventory\frontend-main\vault-holding\website-history\spoke-wheel\level-2-spokes\learning-wheel\git-history\c227a274e04c.html","F9272B38F7CAE896248FF46B31C999E1895E78397A9EC0042DF9523E78EC4B41","COPIED"
"C:\Threshold-Frontend-main\vault-holding\website-history\spoke-wheel\level-2-spokes\learning-wheel\git-history\d17e823fca89.html","C:\Threshold\html-inventory\frontend-main\vault-holding\website-history\spoke-wheel\level-2-spokes\learning-wheel\git-history\d17e823fca89.html","4363A544BAC5E6D3491BBBD4AD04DC04870B504BB4110E86E30FE76244B2CF34","COPIED"
"C:\Threshold-Frontend-main\vault-holding\website-history\spoke-wheel\level-2-spokes\learning-wheel\git-history\f6273675ce70.html","C:\Threshold\html-inventory\frontend-main\vault-holding\website-history\spoke-wheel\level-2-spokes\learning-wheel\git-history\f6273675ce70.html","E04DBF77DB7B95FEEAE3A976A7E65FAE0E14D21DFECA3043AD750FD9B2C6EAAE","COPIED"
"C:\Threshold-Frontend-main\vault-holding\website-history\spoke-wheel\level-2-spokes\learning-wheel\legacy-constructs\learningwheel.html","C:\Threshold\html-inventory\frontend-main\vault-holding\website-history\spoke-wheel\level-2-spokes\learning-wheel\legacy-constructs\learningwheel.html","F9272B38F7CAE896248FF46B31C999E1895E78397A9EC0042DF9523E78EC4B41","COPIED"
"C:\Threshold-Frontend-main\vault-holding\website-history\spoke-wheel\level-2-spokes\ledger\index.html","C:\Threshold\html-inventory\frontend-main\vault-holding\website-history\spoke-wheel\level-2-spokes\ledger\index.html","3963CF221A675606B1F620E3ACF568B13C60C6668F3A67B1744E247357604F4B","COPIED"
"C:\Threshold-Frontend-main\vault-holding\website-history\spoke-wheel\level-2-spokes\ledger\current\source.html","C:\Threshold\html-inventory\frontend-main\vault-holding\website-history\spoke-wheel\level-2-spokes\ledger\current\source.html","CA8DC3713169F4DA6DC724B36DD14886960579851D702AB490A6058A13F67361","COPIED"
"C:\Threshold-Frontend-main\vault-holding\website-history\spoke-wheel\level-2-spokes\ledger\git-history\9d382d2ef933.html","C:\Threshold\html-inventory\frontend-main\vault-holding\website-history\spoke-wheel\level-2-spokes\ledger\git-history\9d382d2ef933.html","CA8DC3713169F4DA6DC724B36DD14886960579851D702AB490A6058A13F67361","COPIED"
"C:\Threshold-Frontend-main\vault-holding\website-history\spoke-wheel\level-2-spokes\ledger\git-history\b476e04efdd1.html","C:\Threshold\html-inventory\frontend-main\vault-holding\website-history\spoke-wheel\level-2-spokes\ledger\git-history\b476e04efdd1.html","AD34C2BAF70192A0552B6C3DEC9EDD1E6D89D6C78478969E846340FBF9909ED4","COPIED"
"C:\Threshold-Frontend-main\vault-holding\website-history\spoke-wheel\level-2-spokes\ledger\git-history\cfa00ee4b038.html","C:\Threshold\html-inventory\frontend-main\vault-holding\website-history\spoke-wheel\level-2-spokes\ledger\git-history\cfa00ee4b038.html","46352C5EED0E0BF3D6A2670F5F48880F6B9A301F53A08892950C3B113F64FFA7","COPIED"
"C:\Threshold-Frontend-main\vault-holding\website-history\spoke-wheel\level-2-spokes\ledger\legacy-constructs\ledger.html","C:\Threshold\html-inventory\frontend-main\vault-holding\website-history\spoke-wheel\level-2-spokes\ledger\legacy-constructs\ledger.html","CA8DC3713169F4DA6DC724B36DD14886960579851D702AB490A6058A13F67361","COPIED"
"C:\Threshold-Frontend-main\vault-holding\website-history\spoke-wheel\level-2-spokes\mythology\index.html","C:\Threshold\html-inventory\frontend-main\vault-holding\website-history\spoke-wheel\level-2-spokes\mythology\index.html","5CB3A158BD961FF10496036175221193899D43639499C4387E07DF35A99F32AB","COPIED"
"C:\Threshold-Frontend-main\vault-holding\website-history\spoke-wheel\level-2-spokes\mythology\core-prototype\source.html","C:\Threshold\html-inventory\frontend-main\vault-holding\website-history\spoke-wheel\level-2-spokes\mythology\core-prototype\source.html","B647313AD0134F5611E1A07279EA284A177E28F9ADC2F83B9BFE5B7077B9E2FB","COPIED"
"C:\Threshold-Frontend-main\vault-holding\website-history\spoke-wheel\level-2-spokes\mythology\current\source.html","C:\Threshold\html-inventory\frontend-main\vault-holding\website-history\spoke-wheel\level-2-spokes\mythology\current\source.html","E6178B5EFA0576EF141B2C3456D16163720AE99CF92B2A18ABA0517D4BB39287","COPIED"
"C:\Threshold-Frontend-main\vault-holding\website-history\spoke-wheel\level-2-spokes\mythology\git-history\585294b47f3f.html","C:\Threshold\html-inventory\frontend-main\vault-holding\website-history\spoke-wheel\level-2-spokes\mythology\git-history\585294b47f3f.html","179F7E5C6F2D927485F544EF84AFF09A925CE811F453A27F9CDCD1F6B8C99B71","COPIED"
"C:\Threshold-Frontend-main\vault-holding\website-history\spoke-wheel\level-2-spokes\mythology\git-history\643c9170092d.html","C:\Threshold\html-inventory\frontend-main\vault-holding\website-history\spoke-wheel\level-2-spokes\mythology\git-history\643c9170092d.html","FCEF2E2B906936E1884CC93F551FC2F432D69B8C4304C0D346C3C500BA3B49FF","COPIED"
"C:\Threshold-Frontend-main\vault-holding\website-history\spoke-wheel\level-2-spokes\mythology\git-history\74a9f8336668.html","C:\Threshold\html-inventory\frontend-main\vault-holding\website-history\spoke-wheel\level-2-spokes\mythology\git-history\74a9f8336668.html","B647313AD0134F5611E1A07279EA284A177E28F9ADC2F83B9BFE5B7077B9E2FB","COPIED"
"C:\Threshold-Frontend-main\vault-holding\website-history\spoke-wheel\level-2-spokes\mythology\git-history\9044ed8aa5b5.html","C:\Threshold\html-inventory\frontend-main\vault-holding\website-history\spoke-wheel\level-2-spokes\mythology\git-history\9044ed8aa5b5.html","1B631D369F6B2DA92E82CCB69749CFCA6438E7065EBA73E755360CA94B3E9DD7","COPIED"
"C:\Threshold-Frontend-main\vault-holding\website-history\spoke-wheel\level-2-spokes\mythology\git-history\a9625f2b9e18.html","C:\Threshold\html-inventory\frontend-main\vault-holding\website-history\spoke-wheel\level-2-spokes\mythology\git-history\a9625f2b9e18.html","E6178B5EFA0576EF141B2C3456D16163720AE99CF92B2A18ABA0517D4BB39287","COPIED"
"C:\Threshold-Frontend-main\vault-holding\website-history\spoke-wheel\level-2-spokes\mythology\git-history\d9c20b0d24bb.html","C:\Threshold\html-inventory\frontend-main\vault-holding\website-history\spoke-wheel\level-2-spokes\mythology\git-history\d9c20b0d24bb.html","B0B78EF100166AB6FBBD7AA7169BBD76C2E065A65EBC468F43FE6086478B981D","COPIED"
"C:\Threshold-Frontend-main\vault-holding\website-history\spoke-wheel\level-2-spokes\mythology\git-history\f3c6fc90d275.html","C:\Threshold\html-inventory\frontend-main\vault-holding\website-history\spoke-wheel\level-2-spokes\mythology\git-history\f3c6fc90d275.html","2C1422BFC3204AFF397AC7CE963B00C9005ECC0BFAB02F25AC90FDCDFF7FFE80","COPIED"
"C:\Threshold-Frontend-main\vault-holding\website-history\spoke-wheel\level-2-spokes\mythology\legacy-constructs\thresholdmythology.html","C:\Threshold\html-inventory\frontend-main\vault-holding\website-history\spoke-wheel\level-2-spokes\mythology\legacy-constructs\thresholdmythology.html","98BC1E32A838619F3CF777F57B101A06B4CCA02CA98F432C56684AB5BBCCAE2A","COPIED"
"C:\Threshold-Node-Source-audit\threshold\core\discover.html","C:\Threshold\html-inventory\node-source-audit\threshold\core\discover.html","6C66CA410F6AE8BE7C1733EA90EB70DFBFB6326B2DFD8E73C9C8DE91D43CAB36","COPIED"
"C:\Threshold-Node-Source-audit\threshold\core\engine.html","C:\Threshold\html-inventory\node-source-audit\threshold\core\engine.html","13C55D4E4D31F3EDEF3191D7085493E23A036CA5A1FB3D9FE30CF56C428F7BC3","COPIED"
"C:\Threshold-Node-Source-audit\threshold\core\ethos.html","C:\Threshold\html-inventory\node-source-audit\threshold\core\ethos.html","9339AAF1E971F5D27E1EA079A16B8B3D8A45DE45CBA284675C493BE6C9EC3DAF","COPIED"
"C:\Threshold-Node-Source-audit\threshold\core\housegarden.html","C:\Threshold\html-inventory\node-source-audit\threshold\core\housegarden.html","2E0494C20C7E0DF64DE47F5677B49745835158201C9CCB4E82A64870A6AB43C2","COPIED"
"C:\Threshold-Node-Source-audit\threshold\core\index.html","C:\Threshold\html-inventory\node-source-audit\threshold\core\index.html","6243B3366FC3BF59267B52D57FB51D464B774F74EBF69383310D7DD42E846E4E","COPIED"
"C:\Threshold-Node-Source-audit\threshold\core\invitation.html","C:\Threshold\html-inventory\node-source-audit\threshold\core\invitation.html","99DDCCA9C0604AC56608C7948E08E77802A650478D6A2343ACADC3CA04F4932A","COPIED"
"C:\Threshold-Node-Source-audit\vault-holding\website-history\house-and-garden\index.html","C:\Threshold\html-inventory\node-source-audit\vault-holding\website-history\house-and-garden\index.html","C0BD83142B873E88597952F05550B3743A3169025327022F95F09032BB01073D","COPIED"
"C:\Threshold-Node-Source-audit\vault-holding\website-history\house-and-garden\prototype-core\index.html","C:\Threshold\html-inventory\node-source-audit\vault-holding\website-history\house-and-garden\prototype-core\index.html","2E0494C20C7E0DF64DE47F5677B49745835158201C9CCB4E82A64870A6AB43C2","COPIED"
"C:\Threshold-Node-Source-audit\vault-holding\website-history\house-and-garden\v1-legacy-rooms\index.html","C:\Threshold\html-inventory\node-source-audit\vault-holding\website-history\house-and-garden\v1-legacy-rooms\index.html","7B4735B6C5DA4C61C1F5487E36A88D5E16DA48DF43A0FEB74AD49AA896567F68","COPIED"
"C:\Threshold-Node-Source-audit\vault-holding\website-history\house-and-garden\v2-inline-flower\housegarden.html","C:\Threshold\html-inventory\node-source-audit\vault-holding\website-history\house-and-garden\v2-inline-flower\housegarden.html","E517AC4DE3A2B69766F6BF611529805E3B61EF2770BAF42B4A6C4838C355C2CD","COPIED"
"C:\Threshold-Node-Source-audit\vault-holding\website-history\house-and-garden\v2-inline-flower\index.html","C:\Threshold\html-inventory\node-source-audit\vault-holding\website-history\house-and-garden\v2-inline-flower\index.html","A067D668C891C5BD4F438739D8E20D194E3591BF87E072280595D74F12C99CAB","COPIED"
"C:\Threshold-Node-Source-audit\vault-holding\website-history\house-and-garden\v2-inline-flower\source.html","C:\Threshold\html-inventory\node-source-audit\vault-holding\website-history\house-and-garden\v2-inline-flower\source.html","E517AC4DE3A2B69766F6BF611529805E3B61EF2770BAF42B4A6C4838C355C2CD","COPIED"
"C:\Threshold-Node-Source-audit\vault-holding\website-history\house-and-garden\v3-worker-current\index.html","C:\Threshold\html-inventory\node-source-audit\vault-holding\website-history\house-and-garden\v3-worker-current\index.html","B89025859119F929F1F5109618A3EE1015BFD454305580BF0E26E8A9A0DCA557","COPIED"
"C:\Threshold-Node-Source-audit\vault-holding\website-history\house-and-garden\v3-worker-current\source.html","C:\Threshold\html-inventory\node-source-audit\vault-holding\website-history\house-and-garden\v3-worker-current\source.html","A5F18F18C7AB41469247D317600129D57E2FFF8E95249BF51454A3EC96265F5B","COPIED"
"C:\Threshold-Node-Source-audit\vault-holding\website-history\spoke-wheel\index.html","C:\Threshold\html-inventory\node-source-audit\vault-holding\website-history\spoke-wheel\index.html","655A926814493D8CA81AA5579D8E9C2D35447DE970846C621EED5F0D56F35813","COPIED"
"C:\Threshold-Node-Source-audit\vault-holding\website-history\spoke-wheel\level-1-hub\home\index.html","C:\Threshold\html-inventory\node-source-audit\vault-holding\website-history\spoke-wheel\level-1-hub\home\index.html","5F233F175096B9D9ABBEA0B853597ED0CA71F21AA7AD02CE62427D927DAA2FAF","COPIED"
"C:\Threshold-Node-Source-audit\vault-holding\website-history\spoke-wheel\level-1-hub\home\core-prototype\source.html","C:\Threshold\html-inventory\node-source-audit\vault-holding\website-history\spoke-wheel\level-1-hub\home\core-prototype\source.html","6243B3366FC3BF59267B52D57FB51D464B774F74EBF69383310D7DD42E846E4E","COPIED"
"C:\Threshold-Node-Source-audit\vault-holding\website-history\spoke-wheel\level-1-hub\home\current\source.html","C:\Threshold\html-inventory\node-source-audit\vault-holding\website-history\spoke-wheel\level-1-hub\home\current\source.html","A2E90F7FE71A02025A5424AC2CDD51D412E6DC11ADE16D0EEDE1FF94E0980DFC","COPIED"
"C:\Threshold-Node-Source-audit\vault-holding\website-history\spoke-wheel\level-1-hub\home\git-history\0a6c149661f2.html","C:\Threshold\html-inventory\node-source-audit\vault-holding\website-history\spoke-wheel\level-1-hub\home\git-history\0a6c149661f2.html","6243B3366FC3BF59267B52D57FB51D464B774F74EBF69383310D7DD42E846E4E","COPIED"
"C:\Threshold-Node-Source-audit\vault-holding\website-history\spoke-wheel\level-1-hub\home\git-history\49b41f07ea06.html","C:\Threshold\html-inventory\node-source-audit\vault-holding\website-history\spoke-wheel\level-1-hub\home\git-history\49b41f07ea06.html","59FB2C097E50A1D24BC37A156FBAEC067E0817F1A7F294C5A6C4A171587C86B6","COPIED"
"C:\Threshold-Node-Source-audit\vault-holding\website-history\spoke-wheel\level-1-hub\home\git-history\5f52e4854e80.html","C:\Threshold\html-inventory\node-source-audit\vault-holding\website-history\spoke-wheel\level-1-hub\home\git-history\5f52e4854e80.html","653EA59BBC3C4DFC4E40BC9A394B27B15FEFFFA257838492FE86930A9BE47A9A","COPIED"
"C:\Threshold-Node-Source-audit\vault-holding\website-history\spoke-wheel\level-1-hub\home\git-history\91d7607d90b5.html","C:\Threshold\html-inventory\node-source-audit\vault-holding\website-history\spoke-wheel\level-1-hub\home\git-history\91d7607d90b5.html","F1E66B72AED1D8AC25535118CD5EC3A2DB018AB2D2BD357175A9ED68C07CDE7A","COPIED"
"C:\Threshold-Node-Source-audit\vault-holding\website-history\spoke-wheel\level-1-hub\home\git-history\997b47570435.html","C:\Threshold\html-inventory\node-source-audit\vault-holding\website-history\spoke-wheel\level-1-hub\home\git-history\997b47570435.html","2510681DAD9E091AB5F9B37524F4D98074DF73B66E62C6C8814AE9F32074276F","COPIED"
"C:\Threshold-Node-Source-audit\vault-holding\website-history\spoke-wheel\level-1-hub\home\git-history\d73b8e3cac40.html","C:\Threshold\html-inventory\node-source-audit\vault-holding\website-history\spoke-wheel\level-1-hub\home\git-history\d73b8e3cac40.html","965392D18A37B527D57E086BB345B2240D8C6F5B58F62479DAD9EC03154705B1","COPIED"
"C:\Threshold-Node-Source-audit\vault-holding\website-history\spoke-wheel\level-1-hub\home\git-history\e0164f851c94.html","C:\Threshold\html-inventory\node-source-audit\vault-holding\website-history\spoke-wheel\level-1-hub\home\git-history\e0164f851c94.html","59FB2C097E50A1D24BC37A156FBAEC067E0817F1A7F294C5A6C4A171587C86B6","COPIED"
"C:\Threshold-Node-Source-audit\vault-holding\website-history\spoke-wheel\level-1-hub\home\git-history\e206be1ac154.html","C:\Threshold\html-inventory\node-source-audit\vault-holding\website-history\spoke-wheel\level-1-hub\home\git-history\e206be1ac154.html","307FC8DF6907007648E98BB136B3D5E3668CC1972C6FB558441825D738B0D190","COPIED"
"C:\Threshold-Node-Source-audit\vault-holding\website-history\spoke-wheel\level-1-hub\home\git-history\e4524f8621aa.html","C:\Threshold\html-inventory\node-source-audit\vault-holding\website-history\spoke-wheel\level-1-hub\home\git-history\e4524f8621aa.html","7B4735B6C5DA4C61C1F5487E36A88D5E16DA48DF43A0FEB74AD49AA896567F68","COPIED"
"C:\Threshold-Node-Source-audit\vault-holding\website-history\spoke-wheel\level-1-hub\home\git-history\e965c6f03737.html","C:\Threshold\html-inventory\node-source-audit\vault-holding\website-history\spoke-wheel\level-1-hub\home\git-history\e965c6f03737.html","448A10A43203E60DEE85105F478ED153FF5949E6CB64887D1193CAF9E0BDA921","COPIED"
"C:\Threshold-Node-Source-audit\vault-holding\website-history\spoke-wheel\level-1-hub\home\git-history\feb7d525602e.html","C:\Threshold\html-inventory\node-source-audit\vault-holding\website-history\spoke-wheel\level-1-hub\home\git-history\feb7d525602e.html","A2E90F7FE71A02025A5424AC2CDD51D412E6DC11ADE16D0EEDE1FF94E0980DFC","COPIED"
"C:\Threshold-Node-Source-audit\vault-holding\website-history\spoke-wheel\level-1-hub\home\legacy-constructs\hub.html","C:\Threshold\html-inventory\node-source-audit\vault-holding\website-history\spoke-wheel\level-1-hub\home\legacy-constructs\hub.html","AE21DE1F9F4AF3700109A57688CFCFC1513D905638CCED91ADAC1A3551085BEB","COPIED"
"C:\Threshold-Node-Source-audit\vault-holding\website-history\spoke-wheel\level-1-hub\home\legacy-constructs\hub2.html","C:\Threshold\html-inventory\node-source-audit\vault-holding\website-history\spoke-wheel\level-1-hub\home\legacy-constructs\hub2.html","15A6028806FE711FCD3AE157303D942BD62908A1C333873FDA5F741D86AC3463","COPIED"
"C:\Threshold-Node-Source-audit\vault-holding\website-history\spoke-wheel\level-1-hub\home\legacy-constructs\index.html","C:\Threshold\html-inventory\node-source-audit\vault-holding\website-history\spoke-wheel\level-1-hub\home\legacy-constructs\index.html","F1E66B72AED1D8AC25535118CD5EC3A2DB018AB2D2BD357175A9ED68C07CDE7A","COPIED"
"C:\Threshold-Node-Source-audit\vault-holding\website-history\spoke-wheel\level-1-hub\home\legacy-constructs\index2.html","C:\Threshold\html-inventory\node-source-audit\vault-holding\website-history\spoke-wheel\level-1-hub\home\legacy-constructs\index2.html","E2C4E0C88881D98A951B52F58887B06EC7C3DBCBEEC48F5AD482A72D3FBBE106","COPIED"
"C:\Threshold-Node-Source-audit\vault-holding\website-history\spoke-wheel\level-1-hub\home\legacy-constructs\resonancehub.html","C:\Threshold\html-inventory\node-source-audit\vault-holding\website-history\spoke-wheel\level-1-hub\home\legacy-constructs\resonancehub.html","DFA3989DEFA93775ADB88357B1A155C4CD3898F866AAA57FBCCD4975DE7D7FA8","COPIED"
"C:\Threshold-Node-Source-audit\vault-holding\website-history\spoke-wheel\level-2-spokes\contact\index.html","C:\Threshold\html-inventory\node-source-audit\vault-holding\website-history\spoke-wheel\level-2-spokes\contact\index.html","FABCF968377346295449876B87BA0011A6C55E450370C51A1C45132DB8E08D30","COPIED"
"C:\Threshold-Node-Source-audit\vault-holding\website-history\spoke-wheel\level-2-spokes\contact\core-prototype\source.html","C:\Threshold\html-inventory\node-source-audit\vault-holding\website-history\spoke-wheel\level-2-spokes\contact\core-prototype\source.html","1ED3A50EBCA2BC87A93F60AA604B1A4D8C7108BDA1972B6F4C1688F53110C09E","COPIED"
"C:\Threshold-Node-Source-audit\vault-holding\website-history\spoke-wheel\level-2-spokes\contact\current\source.html","C:\Threshold\html-inventory\node-source-audit\vault-holding\website-history\spoke-wheel\level-2-spokes\contact\current\source.html","BDC4706BD210E5899DA649A72B23194C8CBA31EED5F97001E749581E97DF5D02","COPIED"
"C:\Threshold-Node-Source-audit\vault-holding\website-history\spoke-wheel\level-2-spokes\contact\git-history\2638afb7725c.html","C:\Threshold\html-inventory\node-source-audit\vault-holding\website-history\spoke-wheel\level-2-spokes\contact\git-history\2638afb7725c.html","BDC4706BD210E5899DA649A72B23194C8CBA31EED5F97001E749581E97DF5D02","COPIED"
"C:\Threshold-Node-Source-audit\vault-holding\website-history\spoke-wheel\level-2-spokes\contact\git-history\316d14e17fe0.html","C:\Threshold\html-inventory\node-source-audit\vault-holding\website-history\spoke-wheel\level-2-spokes\contact\git-history\316d14e17fe0.html","B6BA703123F01B6FEB507BC1372E80BB61F57EA9832D3479A803F8D692DDA8F6","COPIED"
"C:\Threshold-Node-Source-audit\vault-holding\website-history\spoke-wheel\level-2-spokes\contact\git-history\5aba80d071eb.html","C:\Threshold\html-inventory\node-source-audit\vault-holding\website-history\spoke-wheel\level-2-spokes\contact\git-history\5aba80d071eb.html","0D2AE71220401F643A19D8583A21B4A4A833DD521DA70E78899056FD64416EE8","COPIED"
"C:\Threshold-Node-Source-audit\vault-holding\website-history\spoke-wheel\level-2-spokes\contact\git-history\5c6eceaa329b.html","C:\Threshold\html-inventory\node-source-audit\vault-holding\website-history\spoke-wheel\level-2-spokes\contact\git-history\5c6eceaa329b.html","2A92BD4C706B140E2455E3AA458AA6290D5C3D43FC00A16475A70AFAE596B980","COPIED"
"C:\Threshold-Node-Source-audit\vault-holding\website-history\spoke-wheel\level-2-spokes\contact\git-history\7176af41eee6.html","C:\Threshold\html-inventory\node-source-audit\vault-holding\website-history\spoke-wheel\level-2-spokes\contact\git-history\7176af41eee6.html","1ED3A50EBCA2BC87A93F60AA604B1A4D8C7108BDA1972B6F4C1688F53110C09E","COPIED"
"C:\Threshold-Node-Source-audit\vault-holding\website-history\spoke-wheel\level-2-spokes\contact\git-history\9f1aca6db6ed.html","C:\Threshold\html-inventory\node-source-audit\vault-holding\website-history\spoke-wheel\level-2-spokes\contact\git-history\9f1aca6db6ed.html","20955F44988754F07AE58F28885138B61EAC41E1335767E7ACA6EBEBBEE1A58D","COPIED"
"C:\Threshold-Node-Source-audit\vault-holding\website-history\spoke-wheel\level-2-spokes\dialogues\index.html","C:\Threshold\html-inventory\node-source-audit\vault-holding\website-history\spoke-wheel\level-2-spokes\dialogues\index.html","25676EC91F00B5805748CA10F673497AC8FF40FFC9EB390A89A7A3048DD8D0CE","COPIED"
"C:\Threshold-Node-Source-audit\vault-holding\website-history\spoke-wheel\level-2-spokes\dialogues\core-prototype\source.html","C:\Threshold\html-inventory\node-source-audit\vault-holding\website-history\spoke-wheel\level-2-spokes\dialogues\core-prototype\source.html","ED54B6545CD4ED044583BEDFF795054209B34526D6D2087222D00E3D6607F097","COPIED"
"C:\Threshold-Node-Source-audit\vault-holding\website-history\spoke-wheel\level-2-spokes\dialogues\current\source.html","C:\Threshold\html-inventory\node-source-audit\vault-holding\website-history\spoke-wheel\level-2-spokes\dialogues\current\source.html","9826EC6EC8E603A0878A29D6EEC4DE3880CB512E6860D1740CB52B6CB01B0EB3","COPIED"
"C:\Threshold-Node-Source-audit\vault-holding\website-history\spoke-wheel\level-2-spokes\dialogues\git-history\1ce2d9ebd604.html","C:\Threshold\html-inventory\node-source-audit\vault-holding\website-history\spoke-wheel\level-2-spokes\dialogues\git-history\1ce2d9ebd604.html","C1366E9ECAA29BC513D67B57FF69924E215401381CC3186D0895985F1EBE713E","COPIED"
"C:\Threshold-Node-Source-audit\vault-holding\website-history\spoke-wheel\level-2-spokes\dialogues\git-history\2d15144f5052.html","C:\Threshold\html-inventory\node-source-audit\vault-holding\website-history\spoke-wheel\level-2-spokes\dialogues\git-history\2d15144f5052.html","254B7337594E6A73F0431514F98BBDAF43AD70F95E6DDB7B8795608C8112C099","COPIED"
"C:\Threshold-Node-Source-audit\vault-holding\website-history\spoke-wheel\level-2-spokes\dialogues\git-history\306eadd7087a.html","C:\Threshold\html-inventory\node-source-audit\vault-holding\website-history\spoke-wheel\level-2-spokes\dialogues\git-history\306eadd7087a.html","ED54B6545CD4ED044583BEDFF795054209B34526D6D2087222D00E3D6607F097","COPIED"
"C:\Threshold-Node-Source-audit\vault-holding\website-history\spoke-wheel\level-2-spokes\dialogues\git-history\5a99764de609.html","C:\Threshold\html-inventory\node-source-audit\vault-holding\website-history\spoke-wheel\level-2-spokes\dialogues\git-history\5a99764de609.html","4F4980E15EF5D49732BE5393D306A5B4C5528C0CAC107B999550920B521B1624","COPIED"
"C:\Threshold-Node-Source-audit\vault-holding\website-history\spoke-wheel\level-2-spokes\dialogues\git-history\7386b1c0f9c4.html","C:\Threshold\html-inventory\node-source-audit\vault-holding\website-history\spoke-wheel\level-2-spokes\dialogues\git-history\7386b1c0f9c4.html","EEC817BF63756A6720E98A023AA431EE2B2BEC7E261A1BFA511380BB9AE65948","COPIED"
"C:\Threshold-Node-Source-audit\vault-holding\website-history\spoke-wheel\level-2-spokes\dialogues\git-history\b3210b3c555a.html","C:\Threshold\html-inventory\node-source-audit\vault-holding\website-history\spoke-wheel\level-2-spokes\dialogues\git-history\b3210b3c555a.html","9826EC6EC8E603A0878A29D6EEC4DE3880CB512E6860D1740CB52B6CB01B0EB3","COPIED"
"C:\Threshold-Node-Source-audit\vault-holding\website-history\spoke-wheel\level-2-spokes\dialogues\legacy-constructs\thresholddialogues.html","C:\Threshold\html-inventory\node-source-audit\vault-holding\website-history\spoke-wheel\level-2-spokes\dialogues\legacy-constructs\thresholddialogues.html","4E07DD5C14FF0B26C713BC56B2092495910DCFE965F1A30A10B9C083E9DA4E81","COPIED"
"C:\Threshold-Node-Source-audit\vault-holding\website-history\spoke-wheel\level-2-spokes\discover\index.html","C:\Threshold\html-inventory\node-source-audit\vault-holding\website-history\spoke-wheel\level-2-spokes\discover\index.html","A0B6EBEEC763A312B3C9B965C042261F551072B7DA25848CD25131761D692271","COPIED"
"C:\Threshold-Node-Source-audit\vault-holding\website-history\spoke-wheel\level-2-spokes\discover\core-prototype\source.html","C:\Threshold\html-inventory\node-source-audit\vault-holding\website-history\spoke-wheel\level-2-spokes\discover\core-prototype\source.html","6C66CA410F6AE8BE7C1733EA90EB70DFBFB6326B2DFD8E73C9C8DE91D43CAB36","COPIED"
"C:\Threshold-Node-Source-audit\vault-holding\website-history\spoke-wheel\level-2-spokes\discover\current\source.html","C:\Threshold\html-inventory\node-source-audit\vault-holding\website-history\spoke-wheel\level-2-spokes\discover\current\source.html","EC0B99CB9B8168DD9E58019A6CC2D9C153D2E2A0D2FA3468B3DF61BD5A94B556","COPIED"
"C:\Threshold-Node-Source-audit\vault-holding\website-history\spoke-wheel\level-2-spokes\discover\git-history\50ead4bd5ff8.html","C:\Threshold\html-inventory\node-source-audit\vault-holding\website-history\spoke-wheel\level-2-spokes\discover\git-history\50ead4bd5ff8.html","4D1B5719C47D68F07B3BA77F5266A71BDCF335144209EC199021436A6BABA174","COPIED"
"C:\Threshold-Node-Source-audit\vault-holding\website-history\spoke-wheel\level-2-spokes\discover\git-history\bdda9a3ecbf0.html","C:\Threshold\html-inventory\node-source-audit\vault-holding\website-history\spoke-wheel\level-2-spokes\discover\git-history\bdda9a3ecbf0.html","EC0B99CB9B8168DD9E58019A6CC2D9C153D2E2A0D2FA3468B3DF61BD5A94B556","COPIED"
"C:\Threshold-Node-Source-audit\vault-holding\website-history\spoke-wheel\level-2-spokes\discover\git-history\bf1cc733edc2.html","C:\Threshold\html-inventory\node-source-audit\vault-holding\website-history\spoke-wheel\level-2-spokes\discover\git-history\bf1cc733edc2.html","6C66CA410F6AE8BE7C1733EA90EB70DFBFB6326B2DFD8E73C9C8DE91D43CAB36","COPIED"
"C:\Threshold-Node-Source-audit\vault-holding\website-history\spoke-wheel\level-2-spokes\engine\index.html","C:\Threshold\html-inventory\node-source-audit\vault-holding\website-history\spoke-wheel\level-2-spokes\engine\index.html","D86CAC1BF81787FCBBB81BF76512E21ABEBA50B29AC9C7EC54586E5E7F2EA6DA","COPIED"
"C:\Threshold-Node-Source-audit\vault-holding\website-history\spoke-wheel\level-2-spokes\engine\core-prototype\source.html","C:\Threshold\html-inventory\node-source-audit\vault-holding\website-history\spoke-wheel\level-2-spokes\engine\core-prototype\source.html","13C55D4E4D31F3EDEF3191D7085493E23A036CA5A1FB3D9FE30CF56C428F7BC3","COPIED"
"C:\Threshold-Node-Source-audit\vault-holding\website-history\spoke-wheel\level-2-spokes\engine\current\source.html","C:\Threshold\html-inventory\node-source-audit\vault-holding\website-history\spoke-wheel\level-2-spokes\engine\current\source.html","82181A10627B95FFF6BAC2999D7DF0E30E859638B037306DA09DEDA4D122E900","COPIED"
"C:\Threshold-Node-Source-audit\vault-holding\website-history\spoke-wheel\level-2-spokes\engine\git-history\93ffdba9b02b.html","C:\Threshold\html-inventory\node-source-audit\vault-holding\website-history\spoke-wheel\level-2-spokes\engine\git-history\93ffdba9b02b.html","0CDBA8058DD3515C4CB52966DBB9BA6D2A7239EC986E1DC1D8EA79E25B96A999","COPIED"
"C:\Threshold-Node-Source-audit\vault-holding\website-history\spoke-wheel\level-2-spokes\engine\git-history\bc7c8847d00a.html","C:\Threshold\html-inventory\node-source-audit\vault-holding\website-history\spoke-wheel\level-2-spokes\engine\git-history\bc7c8847d00a.html","13C55D4E4D31F3EDEF3191D7085493E23A036CA5A1FB3D9FE30CF56C428F7BC3","COPIED"
"C:\Threshold-Node-Source-audit\vault-holding\website-history\spoke-wheel\level-2-spokes\engine\git-history\c044204c3371.html","C:\Threshold\html-inventory\node-source-audit\vault-holding\website-history\spoke-wheel\level-2-spokes\engine\git-history\c044204c3371.html","82181A10627B95FFF6BAC2999D7DF0E30E859638B037306DA09DEDA4D122E900","COPIED"
"C:\Threshold-Node-Source-audit\vault-holding\website-history\spoke-wheel\level-2-spokes\ethos\index.html","C:\Threshold\html-inventory\node-source-audit\vault-holding\website-history\spoke-wheel\level-2-spokes\ethos\index.html","8915B8571BD10DF095841DE762399946035C52088ED2D40FF5FEC6BECCE69674","COPIED"
"C:\Threshold-Node-Source-audit\vault-holding\website-history\spoke-wheel\level-2-spokes\ethos\core-prototype\source.html","C:\Threshold\html-inventory\node-source-audit\vault-holding\website-history\spoke-wheel\level-2-spokes\ethos\core-prototype\source.html","9339AAF1E971F5D27E1EA079A16B8B3D8A45DE45CBA284675C493BE6C9EC3DAF","COPIED"
"C:\Threshold-Node-Source-audit\vault-holding\website-history\spoke-wheel\level-2-spokes\ethos\current\source.html","C:\Threshold\html-inventory\node-source-audit\vault-holding\website-history\spoke-wheel\level-2-spokes\ethos\current\source.html","C9DB3554D9EEB573C807860CC48EA428AA82DC6E443775A5A1C32F6299528FD7","COPIED"
"C:\Threshold-Node-Source-audit\vault-holding\website-history\spoke-wheel\level-2-spokes\ethos\git-history\083c094df380.html","C:\Threshold\html-inventory\node-source-audit\vault-holding\website-history\spoke-wheel\level-2-spokes\ethos\git-history\083c094df380.html","9339AAF1E971F5D27E1EA079A16B8B3D8A45DE45CBA284675C493BE6C9EC3DAF","COPIED"
"C:\Threshold-Node-Source-audit\vault-holding\website-history\spoke-wheel\level-2-spokes\ethos\git-history\11684309ad1e.html","C:\Threshold\html-inventory\node-source-audit\vault-holding\website-history\spoke-wheel\level-2-spokes\ethos\git-history\11684309ad1e.html","3028D76A5D647FA95BF1E7A180A703CA674ED4DF5B705E373F02BC26F192C548","COPIED"
"C:\Threshold-Node-Source-audit\vault-holding\website-history\spoke-wheel\level-2-spokes\ethos\git-history\c143116fdeb2.html","C:\Threshold\html-inventory\node-source-audit\vault-holding\website-history\spoke-wheel\level-2-spokes\ethos\git-history\c143116fdeb2.html","F310302F14D1763C2B99C13B7B2D81E44CDCA94F5FDE42FDBFBF60D4FCE3A389","COPIED"
"C:\Threshold-Node-Source-audit\vault-holding\website-history\spoke-wheel\level-2-spokes\ethos\git-history\cabc42869243.html","C:\Threshold\html-inventory\node-source-audit\vault-holding\website-history\spoke-wheel\level-2-spokes\ethos\git-history\cabc42869243.html","5803E68E043BF2CE2C2093249619DA5262F25C382D48C0193A3F3D1ED565A104","COPIED"
"C:\Threshold-Node-Source-audit\vault-holding\website-history\spoke-wheel\level-2-spokes\ethos\git-history\dd88f6e2890b.html","C:\Threshold\html-inventory\node-source-audit\vault-holding\website-history\spoke-wheel\level-2-spokes\ethos\git-history\dd88f6e2890b.html","C9DB3554D9EEB573C807860CC48EA428AA82DC6E443775A5A1C32F6299528FD7","COPIED"
"C:\Threshold-Node-Source-audit\vault-holding\website-history\spoke-wheel\level-2-spokes\ethos\git-history\e7c835b56949.html","C:\Threshold\html-inventory\node-source-audit\vault-holding\website-history\spoke-wheel\level-2-spokes\ethos\git-history\e7c835b56949.html","67371FBBB2328993E3A6B8737331286F9CD72A2F1000051B2BE04AFDF4B4DC73","COPIED"
"C:\Threshold-Node-Source-audit\vault-holding\website-history\spoke-wheel\level-2-spokes\ethos\git-history\fed0b707974a.html","C:\Threshold\html-inventory\node-source-audit\vault-holding\website-history\spoke-wheel\level-2-spokes\ethos\git-history\fed0b707974a.html","AE3EB2F0A140461075ABDA370C4CF8C26363926A45DC8710A710EC4C91D35191","COPIED"
"C:\Threshold-Node-Source-audit\vault-holding\website-history\spoke-wheel\level-2-spokes\glyphs\index.html","C:\Threshold\html-inventory\node-source-audit\vault-holding\website-history\spoke-wheel\level-2-spokes\glyphs\index.html","AE55D1994FAF3375A6989A0D6F898287619CD34F53C20C0319A0F73B977909EA","COPIED"
"C:\Threshold-Node-Source-audit\vault-holding\website-history\spoke-wheel\level-2-spokes\glyphs\core-prototype\source.html","C:\Threshold\html-inventory\node-source-audit\vault-holding\website-history\spoke-wheel\level-2-spokes\glyphs\core-prototype\source.html","C06BCD2858DE48AB7526C13A53FB296D3626E4A4BE7D5AFE39253033A3B1233C","COPIED"
"C:\Threshold-Node-Source-audit\vault-holding\website-history\spoke-wheel\level-2-spokes\glyphs\current\source.html","C:\Threshold\html-inventory\node-source-audit\vault-holding\website-history\spoke-wheel\level-2-spokes\glyphs\current\source.html","BE2266DCC06D186B61CCE8F2DB619992EDB6CF77E02285553729486236007881","COPIED"
"C:\Threshold-Node-Source-audit\vault-holding\website-history\spoke-wheel\level-2-spokes\glyphs\git-history\0caf7d9dca23.html","C:\Threshold\html-inventory\node-source-audit\vault-holding\website-history\spoke-wheel\level-2-spokes\glyphs\git-history\0caf7d9dca23.html","C0AC09C5F2A83CDA70BFCB6D552D6D13EFA82124DDE05F8993E18B25FDDC6195","COPIED"
"C:\Threshold-Node-Source-audit\vault-holding\website-history\spoke-wheel\level-2-spokes\glyphs\git-history\14e38c22a476.html","C:\Threshold\html-inventory\node-source-audit\vault-holding\website-history\spoke-wheel\level-2-spokes\glyphs\git-history\14e38c22a476.html","C06BCD2858DE48AB7526C13A53FB296D3626E4A4BE7D5AFE39253033A3B1233C","COPIED"
"C:\Threshold-Node-Source-audit\vault-holding\website-history\spoke-wheel\level-2-spokes\glyphs\git-history\3fd2cdbda0d5.html","C:\Threshold\html-inventory\node-source-audit\vault-holding\website-history\spoke-wheel\level-2-spokes\glyphs\git-history\3fd2cdbda0d5.html","BE2266DCC06D186B61CCE8F2DB619992EDB6CF77E02285553729486236007881","COPIED"
"C:\Threshold-Node-Source-audit\vault-holding\website-history\spoke-wheel\level-2-spokes\glyphs\git-history\4db915109bb2.html","C:\Threshold\html-inventory\node-source-audit\vault-holding\website-history\spoke-wheel\level-2-spokes\glyphs\git-history\4db915109bb2.html","B85B70EFD303A48EA8B818E589594FD78A8B48B75394ACCCD914A70AACB07431","COPIED"
"C:\Threshold-Node-Source-audit\vault-holding\website-history\spoke-wheel\level-2-spokes\glyphs\git-history\690e0f08b378.html","C:\Threshold\html-inventory\node-source-audit\vault-holding\website-history\spoke-wheel\level-2-spokes\glyphs\git-history\690e0f08b378.html","F9B22334AE16E9CCF87F995DD82DC3A912E2416773DB800FE7E2E17A8F2A3020","COPIED"
"C:\Threshold-Node-Source-audit\vault-holding\website-history\spoke-wheel\level-2-spokes\glyphs\git-history\af25c057570e.html","C:\Threshold\html-inventory\node-source-audit\vault-holding\website-history\spoke-wheel\level-2-spokes\glyphs\git-history\af25c057570e.html","53411EC107DCB5C153C53AF6B5E85AD56C96237C8FFADB6EF0B04CE093A31A62","COPIED"
"C:\Threshold-Node-Source-audit\vault-holding\website-history\spoke-wheel\level-2-spokes\glyphs\git-history\db729358183e.html","C:\Threshold\html-inventory\node-source-audit\vault-holding\website-history\spoke-wheel\level-2-spokes\glyphs\git-history\db729358183e.html","7551BA0B138E08C4D377B2154435C486CC842412F3CFC038FF5EA5387EC96F92","COPIED"
"C:\Threshold-Node-Source-audit\vault-holding\website-history\spoke-wheel\level-2-spokes\house-garden\index.html","C:\Threshold\html-inventory\node-source-audit\vault-holding\website-history\spoke-wheel\level-2-spokes\house-garden\index.html","70F31BAA97F3CD046023A863DD985CFB5FE26CC9F9D035E3A3F15DB12CEB41EE","COPIED"
"C:\Threshold-Node-Source-audit\vault-holding\website-history\spoke-wheel\level-2-spokes\house-garden\core-prototype\source.html","C:\Threshold\html-inventory\node-source-audit\vault-holding\website-history\spoke-wheel\level-2-spokes\house-garden\core-prototype\source.html","2E0494C20C7E0DF64DE47F5677B49745835158201C9CCB4E82A64870A6AB43C2","COPIED"
"C:\Threshold-Node-Source-audit\vault-holding\website-history\spoke-wheel\level-2-spokes\house-garden\current\source.html","C:\Threshold\html-inventory\node-source-audit\vault-holding\website-history\spoke-wheel\level-2-spokes\house-garden\current\source.html","A5F18F18C7AB41469247D317600129D57E2FFF8E95249BF51454A3EC96265F5B","COPIED"
"C:\Threshold-Node-Source-audit\vault-holding\website-history\spoke-wheel\level-2-spokes\house-garden\git-history\01d4339754de.html","C:\Threshold\html-inventory\node-source-audit\vault-holding\website-history\spoke-wheel\level-2-spokes\house-garden\git-history\01d4339754de.html","E517AC4DE3A2B69766F6BF611529805E3B61EF2770BAF42B4A6C4838C355C2CD","COPIED"
"C:\Threshold-Node-Source-audit\vault-holding\website-history\spoke-wheel\level-2-spokes\house-garden\git-history\507fb8dfc841.html","C:\Threshold\html-inventory\node-source-audit\vault-holding\website-history\spoke-wheel\level-2-spokes\house-garden\git-history\507fb8dfc841.html","A40C4C7D4D3E1547F93F3F6F39D588D2F90B0CE5884BCA3DC2F221D60F0711F1","COPIED"
"C:\Threshold-Node-Source-audit\vault-holding\website-history\spoke-wheel\level-2-spokes\house-garden\git-history\59eead6fff16.html","C:\Threshold\html-inventory\node-source-audit\vault-holding\website-history\spoke-wheel\level-2-spokes\house-garden\git-history\59eead6fff16.html","0DC72734C3596F9C5130135317ACAC5E6A78B8A699C34DB5163C3FE5A919A65C","COPIED"
"C:\Threshold-Node-Source-audit\vault-holding\website-history\spoke-wheel\level-2-spokes\house-garden\git-history\65b91805cd50.html","C:\Threshold\html-inventory\node-source-audit\vault-holding\website-history\spoke-wheel\level-2-spokes\house-garden\git-history\65b91805cd50.html","D186DAB36F8E4810BE10EECA09CB94CFD7B1C4584A7AD3AFFEB275089D62CEC0","COPIED"
"C:\Threshold-Node-Source-audit\vault-holding\website-history\spoke-wheel\level-2-spokes\house-garden\git-history\f449ab002fc8.html","C:\Threshold\html-inventory\node-source-audit\vault-holding\website-history\spoke-wheel\level-2-spokes\house-garden\git-history\f449ab002fc8.html","2E0494C20C7E0DF64DE47F5677B49745835158201C9CCB4E82A64870A6AB43C2","COPIED"
"C:\Threshold-Node-Source-audit\vault-holding\website-history\spoke-wheel\level-2-spokes\invitation\index.html","C:\Threshold\html-inventory\node-source-audit\vault-holding\website-history\spoke-wheel\level-2-spokes\invitation\index.html","C9FF7887D96E5F2D10DED40769C68A9DA7D88733ECF812CDACF82C5AE7D8EF5E","COPIED"
"C:\Threshold-Node-Source-audit\vault-holding\website-history\spoke-wheel\level-2-spokes\invitation\core-prototype\source.html","C:\Threshold\html-inventory\node-source-audit\vault-holding\website-history\spoke-wheel\level-2-spokes\invitation\core-prototype\source.html","99DDCCA9C0604AC56608C7948E08E77802A650478D6A2343ACADC3CA04F4932A","COPIED"
"C:\Threshold-Node-Source-audit\vault-holding\website-history\spoke-wheel\level-2-spokes\invitation\current\source.html","C:\Threshold\html-inventory\node-source-audit\vault-holding\website-history\spoke-wheel\level-2-spokes\invitation\current\source.html","E92BC7255B4425DEACD98BF53B61654F8550652D12885F07A1B7F66197F1C8D2","COPIED"
"C:\Threshold-Node-Source-audit\vault-holding\website-history\spoke-wheel\level-2-spokes\invitation\git-history\005b1ee721db.html","C:\Threshold\html-inventory\node-source-audit\vault-holding\website-history\spoke-wheel\level-2-spokes\invitation\git-history\005b1ee721db.html","99DDCCA9C0604AC56608C7948E08E77802A650478D6A2343ACADC3CA04F4932A","COPIED"
"C:\Threshold-Node-Source-audit\vault-holding\website-history\spoke-wheel\level-2-spokes\invitation\git-history\248029b6312d.html","C:\Threshold\html-inventory\node-source-audit\vault-holding\website-history\spoke-wheel\level-2-spokes\invitation\git-history\248029b6312d.html","F08A0E4C0F1D3BB3ACFC56D1383F3D13CA079B3ECE79E4E4295F2BC8C6E74900","COPIED"
"C:\Threshold-Node-Source-audit\vault-holding\website-history\spoke-wheel\level-2-spokes\invitation\git-history\603413454217.html","C:\Threshold\html-inventory\node-source-audit\vault-holding\website-history\spoke-wheel\level-2-spokes\invitation\git-history\603413454217.html","E92BC7255B4425DEACD98BF53B61654F8550652D12885F07A1B7F66197F1C8D2","COPIED"
"C:\Threshold-Node-Source-audit\vault-holding\website-history\spoke-wheel\level-2-spokes\invitation\git-history\b79df31d5f5e.html","C:\Threshold\html-inventory\node-source-audit\vault-holding\website-history\spoke-wheel\level-2-spokes\invitation\git-history\b79df31d5f5e.html","5D16FDC4031E797C9A6B75935FF81F27474159D088C903F53582CBA3A578E3A1","COPIED"
"C:\Threshold-Node-Source-audit\vault-holding\website-history\spoke-wheel\level-2-spokes\invitation\git-history\c6f6d4db2405.html","C:\Threshold\html-inventory\node-source-audit\vault-holding\website-history\spoke-wheel\level-2-spokes\invitation\git-history\c6f6d4db2405.html","74B161098144EAF122D4977B8510B2886BA9BFA5F1443D6DAC398E18C3C9CD48","COPIED"
"C:\Threshold-Node-Source-audit\vault-holding\website-history\spoke-wheel\level-2-spokes\invitation\git-history\e6dc92f91879.html","C:\Threshold\html-inventory\node-source-audit\vault-holding\website-history\spoke-wheel\level-2-spokes\invitation\git-history\e6dc92f91879.html","63895225A142C40D0245E166D36862A6F406A44AAED5D5A2CDAE0F74F582B652","COPIED"
"C:\Threshold-Node-Source-audit\vault-holding\website-history\spoke-wheel\level-2-spokes\invitation\git-history\eafc0d14fbff.html","C:\Threshold\html-inventory\node-source-audit\vault-holding\website-history\spoke-wheel\level-2-spokes\invitation\git-history\eafc0d14fbff.html","22D18018E7CCC6EFFC70272529C6A15AFBAAE3299152CC1BCD6FCB4F7C3525F8","COPIED"
"C:\Threshold-Node-Source-audit\vault-holding\website-history\spoke-wheel\level-2-spokes\learning-wheel\index.html","C:\Threshold\html-inventory\node-source-audit\vault-holding\website-history\spoke-wheel\level-2-spokes\learning-wheel\index.html","0F7BA00974AB8140AFA0A7CCA13EF4C447818F8609F03BAF3A19B7ABDA3B1B79","COPIED"
"C:\Threshold-Node-Source-audit\vault-holding\website-history\spoke-wheel\level-2-spokes\learning-wheel\core-prototype\source.html","C:\Threshold\html-inventory\node-source-audit\vault-holding\website-history\spoke-wheel\level-2-spokes\learning-wheel\core-prototype\source.html","FD3F592A9A10C1D3614BCA5F6BF4A19508617BC82508B3F6876263BC4E0811C9","COPIED"
"C:\Threshold-Node-Source-audit\vault-holding\website-history\spoke-wheel\level-2-spokes\learning-wheel\current\source.html","C:\Threshold\html-inventory\node-source-audit\vault-holding\website-history\spoke-wheel\level-2-spokes\learning-wheel\current\source.html","F9272B38F7CAE896248FF46B31C999E1895E78397A9EC0042DF9523E78EC4B41","COPIED"
"C:\Threshold-Node-Source-audit\vault-holding\website-history\spoke-wheel\level-2-spokes\learning-wheel\git-history\326c31b5f45f.html","C:\Threshold\html-inventory\node-source-audit\vault-holding\website-history\spoke-wheel\level-2-spokes\learning-wheel\git-history\326c31b5f45f.html","FD3F592A9A10C1D3614BCA5F6BF4A19508617BC82508B3F6876263BC4E0811C9","COPIED"
"C:\Threshold-Node-Source-audit\vault-holding\website-history\spoke-wheel\level-2-spokes\learning-wheel\git-history\4f6d01094980.html","C:\Threshold\html-inventory\node-source-audit\vault-holding\website-history\spoke-wheel\level-2-spokes\learning-wheel\git-history\4f6d01094980.html","B40B9E7CD756085274E55C4EC201E86E59161C52FCF3089BB0084F40FB1925D8","COPIED"
"C:\Threshold-Node-Source-audit\vault-holding\website-history\spoke-wheel\level-2-spokes\learning-wheel\git-history\591d71d2376d.html","C:\Threshold\html-inventory\node-source-audit\vault-holding\website-history\spoke-wheel\level-2-spokes\learning-wheel\git-history\591d71d2376d.html","25C40B1D706A70483A998AA25D5B7EC8B4038DF68CFBC45F4A5C3E27CD790E84","COPIED"
"C:\Threshold-Node-Source-audit\vault-holding\website-history\spoke-wheel\level-2-spokes\learning-wheel\git-history\c227a274e04c.html","C:\Threshold\html-inventory\node-source-audit\vault-holding\website-history\spoke-wheel\level-2-spokes\learning-wheel\git-history\c227a274e04c.html","F9272B38F7CAE896248FF46B31C999E1895E78397A9EC0042DF9523E78EC4B41","COPIED"
"C:\Threshold-Node-Source-audit\vault-holding\website-history\spoke-wheel\level-2-spokes\learning-wheel\git-history\d17e823fca89.html","C:\Threshold\html-inventory\node-source-audit\vault-holding\website-history\spoke-wheel\level-2-spokes\learning-wheel\git-history\d17e823fca89.html","4363A544BAC5E6D3491BBBD4AD04DC04870B504BB4110E86E30FE76244B2CF34","COPIED"
"C:\Threshold-Node-Source-audit\vault-holding\website-history\spoke-wheel\level-2-spokes\learning-wheel\git-history\f6273675ce70.html","C:\Threshold\html-inventory\node-source-audit\vault-holding\website-history\spoke-wheel\level-2-spokes\learning-wheel\git-history\f6273675ce70.html","E04DBF77DB7B95FEEAE3A976A7E65FAE0E14D21DFECA3043AD750FD9B2C6EAAE","COPIED"
"C:\Threshold-Node-Source-audit\vault-holding\website-history\spoke-wheel\level-2-spokes\learning-wheel\legacy-constructs\learningwheel.html","C:\Threshold\html-inventory\node-source-audit\vault-holding\website-history\spoke-wheel\level-2-spokes\learning-wheel\legacy-constructs\learningwheel.html","F9272B38F7CAE896248FF46B31C999E1895E78397A9EC0042DF9523E78EC4B41","COPIED"
"C:\Threshold-Node-Source-audit\vault-holding\website-history\spoke-wheel\level-2-spokes\ledger\index.html","C:\Threshold\html-inventory\node-source-audit\vault-holding\website-history\spoke-wheel\level-2-spokes\ledger\index.html","3963CF221A675606B1F620E3ACF568B13C60C6668F3A67B1744E247357604F4B","COPIED"
"C:\Threshold-Node-Source-audit\vault-holding\website-history\spoke-wheel\level-2-spokes\ledger\current\source.html","C:\Threshold\html-inventory\node-source-audit\vault-holding\website-history\spoke-wheel\level-2-spokes\ledger\current\source.html","CA8DC3713169F4DA6DC724B36DD14886960579851D702AB490A6058A13F67361","COPIED"
"C:\Threshold-Node-Source-audit\vault-holding\website-history\spoke-wheel\level-2-spokes\ledger\git-history\9d382d2ef933.html","C:\Threshold\html-inventory\node-source-audit\vault-holding\website-history\spoke-wheel\level-2-spokes\ledger\git-history\9d382d2ef933.html","CA8DC3713169F4DA6DC724B36DD14886960579851D702AB490A6058A13F67361","COPIED"
"C:\Threshold-Node-Source-audit\vault-holding\website-history\spoke-wheel\level-2-spokes\ledger\git-history\b476e04efdd1.html","C:\Threshold\html-inventory\node-source-audit\vault-holding\website-history\spoke-wheel\level-2-spokes\ledger\git-history\b476e04efdd1.html","AD34C2BAF70192A0552B6C3DEC9EDD1E6D89D6C78478969E846340FBF9909ED4","COPIED"
"C:\Threshold-Node-Source-audit\vault-holding\website-history\spoke-wheel\level-2-spokes\ledger\git-history\cfa00ee4b038.html","C:\Threshold\html-inventory\node-source-audit\vault-holding\website-history\spoke-wheel\level-2-spokes\ledger\git-history\cfa00ee4b038.html","46352C5EED0E0BF3D6A2670F5F48880F6B9A301F53A08892950C3B113F64FFA7","COPIED"
"C:\Threshold-Node-Source-audit\vault-holding\website-history\spoke-wheel\level-2-spokes\ledger\legacy-constructs\ledger.html","C:\Threshold\html-inventory\node-source-audit\vault-holding\website-history\spoke-wheel\level-2-spokes\ledger\legacy-constructs\ledger.html","CA8DC3713169F4DA6DC724B36DD14886960579851D702AB490A6058A13F67361","COPIED"
"C:\Threshold-Node-Source-audit\vault-holding\website-history\spoke-wheel\level-2-spokes\mythology\index.html","C:\Threshold\html-inventory\node-source-audit\vault-holding\website-history\spoke-wheel\level-2-spokes\mythology\index.html","5CB3A158BD961FF10496036175221193899D43639499C4387E07DF35A99F32AB","COPIED"
"C:\Threshold-Node-Source-audit\vault-holding\website-history\spoke-wheel\level-2-spokes\mythology\core-prototype\source.html","C:\Threshold\html-inventory\node-source-audit\vault-holding\website-history\spoke-wheel\level-2-spokes\mythology\core-prototype\source.html","B647313AD0134F5611E1A07279EA284A177E28F9ADC2F83B9BFE5B7077B9E2FB","COPIED"
"C:\Threshold-Node-Source-audit\vault-holding\website-history\spoke-wheel\level-2-spokes\mythology\current\source.html","C:\Threshold\html-inventory\node-source-audit\vault-holding\website-history\spoke-wheel\level-2-spokes\mythology\current\source.html","E6178B5EFA0576EF141B2C3456D16163720AE99CF92B2A18ABA0517D4BB39287","COPIED"
"C:\Threshold-Node-Source-audit\vault-holding\website-history\spoke-wheel\level-2-spokes\mythology\git-history\585294b47f3f.html","C:\Threshold\html-inventory\node-source-audit\vault-holding\website-history\spoke-wheel\level-2-spokes\mythology\git-history\585294b47f3f.html","179F7E5C6F2D927485F544EF84AFF09A925CE811F453A27F9CDCD1F6B8C99B71","COPIED"
"C:\Threshold-Node-Source-audit\vault-holding\website-history\spoke-wheel\level-2-spokes\mythology\git-history\643c9170092d.html","C:\Threshold\html-inventory\node-source-audit\vault-holding\website-history\spoke-wheel\level-2-spokes\mythology\git-history\643c9170092d.html","FCEF2E2B906936E1884CC93F551FC2F432D69B8C4304C0D346C3C500BA3B49FF","COPIED"
"C:\Threshold-Node-Source-audit\vault-holding\website-history\spoke-wheel\level-2-spokes\mythology\git-history\74a9f8336668.html","C:\Threshold\html-inventory\node-source-audit\vault-holding\website-history\spoke-wheel\level-2-spokes\mythology\git-history\74a9f8336668.html","B647313AD0134F5611E1A07279EA284A177E28F9ADC2F83B9BFE5B7077B9E2FB","COPIED"
"C:\Threshold-Node-Source-audit\vault-holding\website-history\spoke-wheel\level-2-spokes\mythology\git-history\9044ed8aa5b5.html","C:\Threshold\html-inventory\node-source-audit\vault-holding\website-history\spoke-wheel\level-2-spokes\mythology\git-history\9044ed8aa5b5.html","1B631D369F6B2DA92E82CCB69749CFCA6438E7065EBA73E755360CA94B3E9DD7","COPIED"
"C:\Threshold-Node-Source-audit\vault-holding\website-history\spoke-wheel\level-2-spokes\mythology\git-history\a9625f2b9e18.html","C:\Threshold\html-inventory\node-source-audit\vault-holding\website-history\spoke-wheel\level-2-spokes\mythology\git-history\a9625f2b9e18.html","E6178B5EFA0576EF141B2C3456D16163720AE99CF92B2A18ABA0517D4BB39287","COPIED"
"C:\Threshold-Node-Source-audit\vault-holding\website-history\spoke-wheel\level-2-spokes\mythology\git-history\d9c20b0d24bb.html","C:\Threshold\html-inventory\node-source-audit\vault-holding\website-history\spoke-wheel\level-2-spokes\mythology\git-history\d9c20b0d24bb.html","B0B78EF100166AB6FBBD7AA7169BBD76C2E065A65EBC468F43FE6086478B981D","COPIED"
"C:\Threshold-Node-Source-audit\vault-holding\website-history\spoke-wheel\level-2-spokes\mythology\git-history\f3c6fc90d275.html","C:\Threshold\html-inventory\node-source-audit\vault-holding\website-history\spoke-wheel\level-2-spokes\mythology\git-history\f3c6fc90d275.html","2C1422BFC3204AFF397AC7CE963B00C9005ECC0BFAB02F25AC90FDCDFF7FFE80","COPIED"
"C:\Threshold-Node-Source-audit\vault-holding\website-history\spoke-wheel\level-2-spokes\mythology\legacy-constructs\thresholdmythology.html","C:\Threshold\html-inventory\node-source-audit\vault-holding\website-history\spoke-wheel\level-2-spokes\mythology\legacy-constructs\thresholdmythology.html","98BC1E32A838619F3CF777F57B101A06B4CCA02CA98F432C56684AB5BBCCAE2A","COPIED"
"C:\Threshold\_site\index.html","C:\Threshold\html-inventory\_site\index.html","87D2893EBC64E1042CCBBD757305031E3F96925F9F4650AE7A6D099EF51C1C9D","COPIED"
"C:\Threshold\_site\spoke.html","C:\Threshold\html-inventory\_site\spoke.html","1126F515420D2A706BE5569D537AA42970EFACC55ECDED2CFF08652F7083070F","COPIED"
"C:\Threshold\.node-bundles\anchor-validation\index.html","C:\Threshold\html-inventory\.node-bundles\anchor-validation\index.html","87D2893EBC64E1042CCBBD757305031E3F96925F9F4650AE7A6D099EF51C1C9D","COPIED"
"C:\Threshold\.node-bundles\anchor-validation\spoke.html","C:\Threshold\html-inventory\.node-bundles\anchor-validation\spoke.html","1126F515420D2A706BE5569D537AA42970EFACC55ECDED2CFF08652F7083070F","COPIED"
